insert into scms.store (StoreID, City)
values  (1, 'Kurunegala'),
        (2, 'Colombo'),
        (3, 'Galle'),
        (4, 'Jaffna'),
        (5, 'Anuradhapura'),
        (6, 'Badulla'),
        (7, 'Batticaloa');


insert into scms.truck (TruckID, StoreID, LicencePlate, Status)
values  (1, 1, 'VKC0864', 'Available'),
        (2, 1, 'RRS6525', 'Available'),
        (3, 1, 'CMG0828', 'Available'),
        (4, 1, 'GCC8680', 'Available'),
        (5, 1, 'LPL9122', 'Available'),
        (6, 1, 'GRI0014', 'Available'),
        (7, 1, 'REC2872', 'Available'),
        (8, 1, 'RDI5454', 'Available'),
        (9, 1, 'RDB7640', 'Available'),
        (10, 1, 'JFT5560', 'Available'),
        (11, 1, 'ONX0988', 'Available'),
        (12, 1, 'TKX1352', 'Available'),
        (13, 1, 'AIG2239', 'Available'),
        (14, 1, 'OVD3360', 'Available'),
        (15, 1, 'LMO0723', 'Available'),
        (16, 2, 'KZL7488', 'Available'),
        (17, 2, 'TAA4771', 'Available'),
        (18, 2, 'ZTA7918', 'Available'),
        (19, 2, 'EYN7244', 'Available'),
        (20, 2, 'ZRQ1557', 'Available'),
        (21, 2, 'JZP3598', 'Available'),
        (22, 2, 'VNW2560', 'Available'),
        (23, 2, 'DJZ4772', 'Available'),
        (24, 2, 'IKK3019', 'Available'),
        (25, 2, 'OGT5740', 'Available'),
        (26, 2, 'RDC0385', 'Available'),
        (27, 2, 'AUB4804', 'Available'),
        (28, 2, 'JOA4270', 'Available'),
        (29, 2, 'HEO5138', 'Available'),
        (30, 2, 'ODF3104', 'Available'),
        (31, 2, 'RPW5966', 'Available'),
        (32, 3, 'HLE9816', 'Available'),
        (33, 3, 'BMB1513', 'Available'),
        (34, 3, 'JHP5139', 'Available'),
        (35, 3, 'GPH1260', 'Available'),
        (36, 3, 'YEP4619', 'Available'),
        (37, 3, 'NQU8228', 'Available'),
        (38, 3, 'PIO3376', 'Available'),
        (39, 3, 'TCD7858', 'Available'),
        (40, 3, 'CHD0457', 'Available'),
        (41, 3, 'VDG1678', 'Available'),
        (42, 3, 'YRQ4033', 'Available'),
        (43, 4, 'KII8611', 'Available'),
        (44, 4, 'CSM1025', 'Available'),
        (45, 4, 'EJA1561', 'Available'),
        (46, 4, 'CBX7564', 'Available'),
        (47, 4, 'ZPL9643', 'Available'),
        (48, 4, 'JZF1833', 'Available'),
        (49, 4, 'BGS2156', 'Available'),
        (50, 4, 'PGL8068', 'Available'),
        (51, 4, 'FKZ5605', 'Available'),
        (52, 4, 'TFJ0010', 'Available'),
        (53, 4, 'KEB5728', 'Available'),
        (54, 4, 'IRA4550', 'Available'),
        (55, 4, 'MWW1989', 'Available'),
        (56, 5, 'QLZ4381', 'Available'),
        (57, 5, 'EUK3662', 'Available'),
        (58, 5, 'NMM5209', 'Available'),
        (59, 5, 'PIC9289', 'Available'),
        (60, 5, 'DAF2852', 'Available'),
        (61, 5, 'JXJ0261', 'Available'),
        (62, 5, 'VEC8695', 'Available'),
        (63, 5, 'VLN0343', 'Available'),
        (64, 5, 'XIC9780', 'Available'),
        (65, 5, 'KBC4339', 'Available'),
        (66, 5, 'UGL2510', 'Available'),
        (67, 5, 'EWL0456', 'Available'),
        (68, 5, 'QCO0796', 'Available'),
        (69, 5, 'UIP9578', 'Available'),
        (70, 6, 'VYQ4514', 'Available'),
        (71, 6, 'ROC9735', 'Available'),
        (72, 6, 'THR2476', 'Available'),
        (73, 6, 'PVG7776', 'Available'),
        (74, 6, 'RWH4822', 'Available'),
        (75, 6, 'FVX2910', 'Available'),
        (76, 6, 'POE4151', 'Available'),
        (77, 6, 'NFI6665', 'Available'),
        (78, 6, 'ACE3535', 'Available'),
        (79, 6, 'IZT4936', 'Available'),
        (80, 7, 'BEA1556', 'Available'),
        (81, 7, 'UZC3513', 'Available'),
        (82, 7, 'HYO1240', 'Available'),
        (83, 7, 'DUX8017', 'Available'),
        (84, 7, 'KOZ5242', 'Available'),
        (85, 7, 'PVW0617', 'Available'),
        (86, 7, 'PRX1953', 'Available'),
        (87, 7, 'PYG4199', 'Available'),
        (88, 7, 'KQM2999', 'Available'),
        (89, 7, 'WDK1242', 'Available'),
        (90, 7, 'DLN4850', 'Available'),
        (91, 7, 'PAK7666', 'Available'),
        (92, 7, 'CZS9457', 'Available'),
        (93, 7, 'RRT6351', 'Available'),
        (94, 7, 'AQV1308', 'Available'),
        (95, 7, 'NRR1663', 'Available'),
        (96, 7, 'TWS6902', 'Available'),
        (97, 7, 'NOP1071', 'Available'),
        (98, 7, 'FPT7973', 'Available');


insert into scms.order_status (Status)
values  ('Attention'),
        ('Cancelled'),
        ('Delivered'),
        ('InShipment'),
        ('InStore'),
        ('InTrain'),
        ('InTruck'),
        ('Pending'),
        ('PendingDispatch'),
        ('TrainAssigned');


insert into scms.employee (EmployeeID, Name, Username, Address, Contact, PasswordHash, Type, StoreID)
values  (1, 'Mrs. Mabel Casper', 'mrs.mabelcasper268', '45909 Salisbury Road', '(571) 857-6361', '$2b$10$jaSTzJ.b3fIlpFyR.dnts.SMoF.yACNepvKhrV/CpHdqpe7FXjKYa', 'Admin', null),
        (2, 'Dr. Lela Ward', 'dr.lelaward735', '86979 Abbott Fields', '(594) 345-2698', '$2b$10$VmN9Du4dh9OPmZJw./4fCO3A1pMMjeD375wPaUj9TJW1Kx2vp9jUW', 'Admin', null),
        (3, 'Salvador Marvin', 'salvadormarvin893', '730 Cole Loop', '(756) 295-0319', '$2b$10$eqiUVn9YR1Cs/PPWfzF98.9N9c1XseehoFem3OIoO0sgwFI4hViP2', 'Admin', null),
        (4, 'Joy Harber', 'joyharber855', '392 S 5th Street', '(384) 648-0462', '$2b$10$mHBz6xufPuwdt3yvebvgQeSmDyuvxm0KXRiBVP2FK.yLDKHpz9SBq', 'Admin', null),
        (5, 'Doyle Baumbach', 'doylebaumbach3', '3855 Anderson Keys', '(592) 727-8591', '$2b$10$tx5zuscc6SEaXvrZtilmnOWIcFeDvZtsCrQCtLhf2cBd7LimVAXCG', 'Admin', null),
        (6, 'Melinda Towne', 'melindatowne368', '880 Ruecker Squares', '(495) 955-1557', '$2b$10$WEiC89G1EQ8aJaXaEfHdJOjNvflqkwpJNI9zzK312wm4cRwtSAiLu', 'StoreManager', 1),
        (7, 'Scott Mayert', 'scottmayert608', '8680 Hillside Avenue', '(491) 871-7377', '$2b$10$aCmtQ5Icuo64jCM/yXiE2.xyEVD/8PjovaVipsi6gI8p0KGJwuxwK', 'StoreManager', 2),
        (8, 'Cheryl Cruickshank', 'cherylcruickshank660', '432 Filiberto Glen', '(732) 325-3431', '$2b$10$AQrB.sulJmuX7YpfTGBLtuLn0W.ahySJoGzaCA3l/JfdmqxYI9k9y', 'StoreManager', 3),
        (9, 'Micheal Romaguera', 'michealromaguera590', '37594 Shawn Brooks', '(685) 362-1016', '$2b$10$hsC3TP2aX5O2pZN22edBV.yjJ1PEOHBGiPArevkPTWK5vhjGK4.gi', 'StoreManager', 4),
        (10, 'Erik Gleichner', 'erikgleichner489', '7041 Ward Mills', '(633) 618-6221', '$2b$10$CQBGdXdJ5R7LHUFWXcjmpOgD5uN3kBjKQgMmKKImGyknzyeIlKLJq', 'StoreManager', 5),
        (11, 'Hattie Dietrich', 'hattiedietrich408', '661 Fiona Village', '(522) 751-0013', '$2b$10$TOozrm2nZQtKYSs7bTRRVOVtEvE8NOHjts8Ch20Ux1T9cBDb2Vnru', 'StoreManager', 6),
        (12, 'Timmy Veum-Pfannerstill', 'timmyveum-pfannerstill468', '537 Windsor Avenue', '(749) 561-6559', '$2b$10$m6O82oJJPYEZmCLRmmCDjeJ6SXJ6cyuKoMH6TKWxunkEjlxuJHhxC', 'StoreManager', 7),
        (13, 'Kristie Conroy MD', 'kristieconroymd503', '28894 E 6th Avenue', '(200) 482-1455', '$2b$10$5hLpaj7dtJ01CftlEg3p1emAfS8QF7SE1suEZV1wE22P1FTF7BF7i', 'Driver', 1),
        (14, 'Tom Predovic', 'tompredovic949', '329 Thompson Harbors', '(829) 406-2760', '$2b$10$RXfG5E9qyFxMQxNaIfTsB.pLsoPh4A40g7vB0O4x513/9ofALkbYe', 'Driver', 1),
        (15, 'Billy Lang', 'billylang270', '78485 Hermann Islands', '(680) 419-7557', '$2b$10$TIhYMEAfL6iFPcPw98FaxOxBMOR8/cJUQfHsE.RFAi/d3MEY/Zwb6', 'Driver', 1),
        (16, 'Cody Bradtke', 'codybradtke440', '4026 Kayla Neck', '(902) 781-0845', '$2b$10$fNX48NisIdFrWmZTLU6HJ.HCVZM2y0MiptM6leuq00YUqt9mYNKNK', 'Driver', 1),
        (17, 'Verna Williamson', 'vernawilliamson636', '199 Breitenberg Expressway', '(929) 392-4009', '$2b$10$AE1HYDdUCS2EQEFXmCX1u.0/wdvYk4dUAd4zDsHL6h4izY8VtkE3a', 'Driver', 1),
        (18, 'Rhonda Berge MD', 'rhondabergemd297', '726 Cliff Road', '(266) 783-9468', '$2b$10$LqiXmpT0Xdj0ww8yy4vLju/XgzTArrEXntYIeXzJu.v0bubHa/DAa', 'Driver', 1),
        (19, 'Ken Ullrich', 'kenullrich825', '5094 North Lane', '(808) 233-1578', '$2b$10$M8apg/cMAvLkZ8ryQt4L8.3j6H8LCyXZDdl24ALFufuLZlpWAnYPy', 'Driver', 1),
        (20, 'Miss Evelyn Christiansen', 'missevelynchristiansen510', '801 Zaria Ranch', '(260) 284-5401', '$2b$10$3sukCGLY06apO0XgduqKhOTKx1m3Ly5/bt4bxiH8/G0sTdcLu84nW', 'Driver', 1),
        (21, 'Chad Durgan', 'chaddurgan839', '582 Fritsch Via', '(865) 626-3850', '$2b$10$s.k7nsvyGZlolAOztc1i/ua6.uEro/xU2iBZv327VBeC5mUHhPhr6', 'Driver', 1),
        (22, 'Frances Denesik', 'francesdenesik466', '549 Shirley Brooks', '(709) 582-2051', '$2b$10$WP3uEUAq4bs7C5VBRWEC6OuBBvZed.M27hb07LEkLBKvHy2aMXXPy', 'Driver', 1),
        (23, 'Ms. Mary King', 'ms.maryking441', '936 Ozella Pike', '(305) 368-3918', '$2b$10$8xRsGicwbFl8UWldDI4yjOf8YKU.dAEUm7lEZbTEN4pStnNszwS5.', 'Assistant', 1),
        (24, 'Angel Mertz', 'angelmertz98', '537 Dante Walk', '(906) 953-4496', '$2b$10$lF2hk0b5C8AtPfX3XgibFuXnwOmQVlawsRshUu80Y/73KYRSfUTAa', 'Assistant', 1),
        (25, 'Terri Donnelly', 'terridonnelly114', '388 Pfannerstill Park', '(445) 990-4943', '$2b$10$FO.o9TnusS6iIragaRrdl.8NJfdKd3rWcc.5TPeNXjyG6lOBvqtcG', 'Assistant', 1),
        (26, 'Kyle Cummings', 'kylecummings25', '36138 Lehner Lodge', '(652) 210-2870', '$2b$10$brrxBBaaoaDLvOnMhjEG7et/b15SjbP2kpBfmfg83KHhDyGHqJAjK', 'Assistant', 1),
        (27, 'Ira Willms', 'irawillms39', '7149 Huel Grove', '(511) 444-8356', '$2b$10$JMWLqd8yUM.W/07dnCBoVe9C4pM0GPMC0yp7gTUG4YVcm8s1beLlW', 'Assistant', 1),
        (28, 'Peter Franey', 'peterfraney84', '253 Hagenes Mountains', '(534) 908-2011', '$2b$10$9EEDZcGh2zmlK.cBbGMLH.W0Y/9jqqp8H6/4os4GGAPcnjun14wTm', 'Assistant', 1),
        (29, 'Tom Lockman', 'tomlockman467', '730 Martin Luther King Jr Boulevard', '(530) 975-7093', '$2b$10$IsZVWHhmVghzWpzpGL9o5O5DzaF0BEprMeTGyl8QWlNYCI5orIIaS', 'Assistant', 1),
        (30, 'Cecelia Murray', 'ceceliamurray415', '35224 Waters Crossroad', '(416) 310-3864', '$2b$10$cRyNhY68ZaSspPl8JA5HZOPHsf62tdmt3lhjSmH9g24MNVGSdsOfG', 'Assistant', 1),
        (31, 'Bill Hagenes', 'billhagenes288', '6413 Berniece Ports', '(632) 581-6062', '$2b$10$/8Gd3rTT2fvmNctzqFf/..aTLyT2.xz9hjdgxMLQdk5AExvyEWCE.', 'Assistant', 1),
        (32, 'Angelica Dickens', 'angelicadickens48', '1613 S Chestnut Street', '(552) 667-2280', '$2b$10$V0sa1C9HkzmkNGu8nv46T.mzVj84DRq/jedvCc.aosoCjzc.1bTA6', 'Assistant', 1),
        (33, 'Mr. Alvin Schaefer', 'mr.alvinschaefer236', '77144 Wellington Street', '(982) 343-3721', '$2b$10$mQyvvTbMcHSKJ4gcCmCQ7u9C3R0rM8UrKFkhI0SZiQAI4cAyb4HS2', 'Assistant', 1),
        (34, 'Raymond Rau', 'raymondrau903', '50722 Cartwright Hills', '(213) 552-6447', '$2b$10$3pd74eF5BagA2vSx9OADt.XosiCBNzygZKTGYuVOKhZuC.Fuk3afK', 'Assistant', 1),
        (35, 'Dr. Kathy Rosenbaum', 'dr.kathyrosenbaum373', '60397 Richmond Close', '(523) 630-4738', '$2b$10$dd80dVEkE10u.vebpgISSuKSoOE/kIjSIPSOtw.4Bz7B7akkG.Ol6', 'Assistant', 1),
        (36, 'Perry Koss', 'perrykoss961', '37443 Kevin Views', '(245) 206-9266', '$2b$10$hPd7lMEIkhlTbHg5rZRYzOLJMSUceNaD.HAPHkxzj6WU7eb1jVS7u', 'Assistant', 1),
        (37, 'Dr. Oliver Hilpert', 'dr.oliverhilpert828', '4183 Howe Spring', '(739) 591-4384', '$2b$10$mYbuGRL1eeRS845UgegT1.XWWVxig7KcCPns7Bkd5CRiLgeUOMS1m', 'Assistant', 1),
        (38, 'Gregg Koelpin IV', 'greggkoelpiniv982', '2679 Bailee Views', '(935) 826-7112', '$2b$10$iFcTmODSsocO2BukBl74o.2belxQM4ViApv4GdCHIGqiDlPYiBPb.', 'Driver', 2),
        (39, 'Donna Grady', 'donnagrady307', '829 Ward Manor', '(471) 580-6757', '$2b$10$LrJ5dA4UFD1PQ9EkI0fSB.aAGWL07b.Ejj4V8QqqYtZ1Xce.4XmFe', 'Driver', 2),
        (40, 'Clay Bergnaum', 'claybergnaum737', '2666 King Bypass', '(269) 732-0190', '$2b$10$E1rV.SM.S.FyohXyyfeNxOerP.3Wknd0dIfOVP6GW8vVHYdGrjb.e', 'Driver', 2),
        (41, 'Traci Gislason', 'tracigislason471', '345 Ed Flats', '(798) 656-4823', '$2b$10$wznmUI8GwyuWA9A.4zZfKOTrJWK8aTstur4tiFIstCC2beL7rzNTW', 'Driver', 2),
        (42, 'Sandra Gleason', 'sandragleason923', '8163 Hermiston Harbors', '(839) 727-6996', '$2b$10$BieXzBJeux4PyJaEgp.YLOSYjivuRaoRkb6htoQ/M1pUhhSmqGgbi', 'Driver', 2),
        (43, 'Colin Brekke', 'colinbrekke757', '83988 Runolfsdottir Valley', '(644) 882-7472', '$2b$10$Qkyfrc7kGRST/HmBBJfHaexTvF/mA5rucujgTHy8C5SsIpN.Zpzxy', 'Driver', 2),
        (44, 'Carmen Franecki', 'carmenfranecki84', '321 Lamont Lights', '(920) 977-6964', '$2b$10$cAq5J0aKauKkPcE/y.av.udpOCENEOY8dtrNqzCukzjnUVWQd69.2', 'Driver', 2),
        (45, 'Mrs. Lana Larkin', 'mrs.lanalarkin227', '66335 Boundary Road', '(584) 736-1818', '$2b$10$krhvDJxLJ1Ip3lXeA8K5fuwjnRT3vNbL.82fbq/xqkt4xEcC9iD0m', 'Driver', 2),
        (46, 'Joseph Hettinger', 'josephhettinger28', '674 Lawson Mews', '(979) 884-0838', '$2b$10$/cw7AnlDZN6QBNgfFGcPKO0CsoZorBOoxZr.r4ihIs90QENY95HJO', 'Driver', 2),
        (47, 'Rogelio Kub', 'rogeliokub718', '982 Brown Route', '(587) 999-6705', '$2b$10$jtDBL3fSQKPZWuhjdzoAAOcn7BaS0y5NA9jRhkVIh0EyV1gyMsH4a', 'Driver', 2),
        (48, 'Miss Marion Schaefer', 'missmarionschaefer498', '81981 Tyrell Plaza', '(219) 356-6084', '$2b$10$AegUOF.3aJ33P9iXrAGoouxcmPWGh0fHeutO7kw2MjKq8Gu9.j4Le', 'Assistant', 2),
        (49, 'Shawn Harris', 'shawnharris839', '33135 Raymundo Greens', '(945) 996-1908', '$2b$10$pZpUrzk20OIlI2Cy2.HkPu/Nyd.P0Vq65T85B02aYJ19SyD4NHwJu', 'Assistant', 2),
        (50, 'Dr. Emmett O''Connell II', 'dr.emmetto''connellii444', '7802 Cherry Street', '(226) 278-8670', '$2b$10$6/IXhMsEj6AAMxXqMtPiQ.oBvd0s/GioC5yrIr6g7uqYnYXG3mSwu', 'Assistant', 2),
        (51, 'Josh Keeling', 'joshkeeling711', '993 W 3rd Street', '(381) 563-5178', '$2b$10$YKJSMll1KbPWPKZ4Xz2NsOXcj0tey0PhDgUH9C/F1VMVEe56DVZ/C', 'Assistant', 2),
        (52, 'Josh Boyle-Howe III', 'joshboyle-howeiii691', '931 Mikayla Views', '(342) 330-4318', '$2b$10$FWqwkdFaSgjuZdgeSLvCEOLz5Kem1kknKqPRyBAAuzup5dT7Fd6Eu', 'Assistant', 2),
        (53, 'Laverne Gulgowski', 'lavernegulgowski217', '5656 Brown Rapids', '(878) 273-0541', '$2b$10$PEzzPl2Mv.Xf82TNVLEpAuc03li51/tNEo.Cbozhy.ldLamF.1hHm', 'Assistant', 2),
        (54, 'Agnes Franecki', 'agnesfranecki54', '254 Guido Skyway', '(709) 743-4455', '$2b$10$U8bY4rpk2CyYeFRLBwS8KufhkKTrEkaKAt99Z3G1qNKQzosD.JIHy', 'Assistant', 2),
        (55, 'Wendell Kohler', 'wendellkohler665', '38374 Williamson Flats', '(335) 203-4019', '$2b$10$5udfbGeaCAhVQV1sYklwieZ8aD7SZni4FIDZV2mE8MUSR7NthOMRK', 'Assistant', 2),
        (56, 'Lois Kuhn', 'loiskuhn898', '733 Jaleel Lock', '(264) 690-3713', '$2b$10$k7vFCT9sewyMAyrMSiMNveLI.iBiaMGgkXjsVRx19YOvGkWPxnHuS', 'Assistant', 2),
        (57, 'Harry Lindgren III', 'harrylindgreniii635', '8944 Brian Spring', '(975) 347-1737', '$2b$10$YgSot.shyqcrdUpwi3Ikv.PIDO/a4O/LaVB8giPeDRCvMZOK6rNp2', 'Assistant', 2),
        (58, 'Mario Buckridge', 'mariobuckridge201', '810 Emmet Village', '(404) 893-9760', '$2b$10$pFulL.EzKECXhKx/nIAgeuKuCOHYyTYL8In6pRmc5deGSaLrodRUC', 'Assistant', 2),
        (59, 'Angelo Hegmann-Hessel', 'angelohegmann-hessel286', '74773 Ulices Causeway', '(426) 321-6279', '$2b$10$jaf5jLhYUo.uqu/hHc2ePuPhEDTdQKm.xTJtcAMDMmiBUnzsv66Xy', 'Assistant', 2),
        (60, 'Santos Heathcote', 'santosheathcote221', '54913 Lenna Place', '(226) 200-0939', '$2b$10$SFNt9z9bTnotptHh2GbAoOIFDavlCS0YnzpNpcLGM40cKVr3H4rtS', 'Assistant', 2),
        (61, 'Lucille Friesen', 'lucillefriesen483', '5216 Kunze Pine', '(431) 589-3439', '$2b$10$HoA2JckILbqrMXAQwq4oL.UplQFUwDHS82JqECyXnURNhaLnLVTB6', 'Assistant', 2),
        (62, 'Kim Kuphal', 'kimkuphal921', '997 Bednar Stream', '(429) 649-4898', '$2b$10$jeeFvMIZk1fPv6Ox.hWUOe0RbhX0koi1Pd47fTu/KtVjwb3k1azte', 'Assistant', 2),
        (63, 'Priscilla Hills IV', 'priscillahillsiv727', '7387 Kozey Fall', '(710) 999-9951', '$2b$10$iZUoiu8D1f9wPQr7Rf/dYu0WgLLmCsq6CBLXTi.zYUerIVevhCiKy', 'Assistant', 2),
        (64, 'Dr. Stacy Doyle', 'dr.stacydoyle839', '93058 Kuvalis Motorway', '(408) 435-8998', '$2b$10$YpI3ZydwX6lEN/H5AT3FqeHh5EIcBfhxbA0AboHTbbLrsAd4NP29O', 'Assistant', 2),
        (65, 'John Wilkinson', 'johnwilkinson319', '118 Main Street N', '(588) 695-8396', '$2b$10$JpqjtYwY3SSMHXE1vw0teeQPh54TRVZ5cy7CPkrl8YrprlZbsCG82', 'Assistant', 2),
        (66, 'Edna O''Conner', 'ednao''conner85', '49583 West View', '(496) 986-2575', '$2b$10$Ec142t57XedzssQIKtHIpOjCW5nBZz2Pq76bMrMcrKck8IAFTw2BS', 'Assistant', 2),
        (67, 'Dr. Kelley Cartwright', 'dr.kelleycartwright460', '11356 E Central Avenue', '(723) 492-4967', '$2b$10$azXp6V1S2XwldB3ht4yukOJa9vjdyTB1sHpDWgLmXahjM7p85XvM2', 'Assistant', 2),
        (68, 'Mr. Herman Effertz V', 'mr.hermaneffertzv410', '1668 W 5th Street', '(444) 464-6437', '$2b$10$cZmCrO1P/a5W7J2Ot4a6/.D9lPW6IoDAL/4iFqWEFVpBCMt1.Kvo6', 'Assistant', 2),
        (69, 'Lawrence Jakubowski', 'lawrencejakubowski627', '6490 Purdy Crest', '(751) 742-3941', '$2b$10$VCIjdsIk8DDukLELLiER1O/2zs1JkQSZ25J3ICD/pjlIc.E3LmoKq', 'Assistant', 2),
        (70, 'Patricia Schulist I', 'patriciaschulisti222', '71974 Nichole Field', '(272) 570-2528', '$2b$10$KUXPIMPlQtd5/H4M0FcDl.4YBUUXUdY7fWyVD1Ls3rftqcOgZtStO', 'Driver', 3),
        (71, 'Cassandra Hessel', 'cassandrahessel287', '5269 Santiago Underpass', '(556) 818-8625', '$2b$10$Elbv4LFEnYnjEQiF9ytWY.oG1se00w8KuiE6Z2tqlQZqJPOdggO/S', 'Driver', 3),
        (72, 'Allen Borer', 'allenborer426', '860 Wisozk Curve', '(429) 399-2078', '$2b$10$okaY0SdhtL64R6PjhSCta.17r.lWR14qINA7GiddsqgjGSsKUOX5C', 'Driver', 3),
        (73, 'Viola Adams', 'violaadams309', '30481 N Chestnut Street', '(818) 923-7852', '$2b$10$cvZx6Pov81P2M1t4bDgi4OrMIZoG067EVShXe1vNJBK14CV5OUDOm', 'Driver', 3),
        (74, 'Allan Jakubowski', 'allanjakubowski427', '5545 Greenwood Road', '(500) 981-8080', '$2b$10$HL9b1cOMs/cra1aonGbX9O0zTv7P4zFGr6eb1t967XwXyd8vLx5Gq', 'Driver', 3),
        (75, 'Freddie Ondricka MD', 'freddieondrickamd36', '64620 Hartmann Crossing', '(216) 526-7348', '$2b$10$aPXb7HpPJETJmwX2YomHpOdtBjaX1TJrVP/aN5LO6y1PXtgEzR852', 'Driver', 3),
        (76, 'Wilbert Rippin', 'wilbertrippin564', '495 Agustina Hollow', '(273) 847-0091', '$2b$10$ZR2n4cLwB29ichjUiga4hOnD9LC9Iu9RAYYX8JO8l3/UWgiK3Rr4y', 'Driver', 3),
        (77, 'Sheryl Sawayn', 'sherylsawayn312', '25900 Quigley Loaf', '(917) 835-7677', '$2b$10$Cl8G3NVw2HgwGAjQnEZJVuocGn0HgS9dpDGnL0GSjjKNjpz7C3n2C', 'Driver', 3),
        (78, 'Tracey Heaney', 'traceyheaney253', '372 Hayes Glens', '(662) 989-3538', '$2b$10$u0354iz0P1n7a0wkxx2yg.nAh3liL4JobHF0dl42OFfb7PT5xMt56', 'Driver', 3),
        (79, 'Joy Kuhic', 'joykuhic909', '9368 Stamm Mountains', '(694) 603-1102', '$2b$10$xah15OH3gcOWHoLxbTkXPuKGGB9gCEHd7431wyH5pbW74HI5O1D5G', 'Driver', 3),
        (80, 'Hector Roob', 'hectorroob908', '47347 Laura Ways', '(418) 448-2239', '$2b$10$HZSdBc0pP0pvTWdzTCYo0uyvgTyrAIW5mJap8HMn91HP0HG60ipDy', 'Assistant', 3),
        (81, 'Bernice Kihn', 'bernicekihn619', '60780 E Elm Street', '(477) 903-9234', '$2b$10$YCxzCJgrLkOJ/QhFsnoA2e7QPa6xULgT8WwHajuMiL1655aRgn9Vi', 'Assistant', 3),
        (82, 'Angelina Grant', 'angelinagrant596', '374 Haskell Overpass', '(218) 560-8574', '$2b$10$yHKJNnFlECP2.mb8NhB9HuubJTnptXy89yuyP3STC8qe9llRtD8gm', 'Assistant', 3),
        (83, 'Darrin Braun', 'darrinbraun489', '53157 Shields Flats', '(777) 761-9041', '$2b$10$cnMeX/jUfOvLanNGsERJoOVLul6eyxlavG0wADflJlIWQzZwTRgVy', 'Assistant', 3),
        (84, 'Emanuel Bode', 'emanuelbode528', '854 Nelda Meadows', '(974) 482-7760', '$2b$10$txXaip6zHDUYeFl1uwGvNeAvc8vYBchh/lloX2WWuKcqkA6KNJFAq', 'Assistant', 3),
        (85, 'Miss Ethel Schimmel', 'missethelschimmel548', '166 Laurel Close', '(738) 949-8285', '$2b$10$.knbFBugm9vGLIwjmdHhwO1K7OLQ5liIsB8bTGXvcts8Ym70M.e7S', 'Assistant', 3),
        (86, 'Isaac Douglas', 'isaacdouglas385', '3699 Moen Grove', '(565) 624-2575', '$2b$10$I6Mq6MUxIvA2aScMgxu4QuZ/3t7FL22qDMr5fZqc0P9S0Cf1Zo4hu', 'Assistant', 3),
        (87, 'Clayton Abernathy', 'claytonabernathy31', '1995 Ronny Camp', '(292) 669-2082', '$2b$10$J/MUdnC1MffA7bVCC4qkaOJCJOBghevB.lrvf60jBju1P05UoUare', 'Assistant', 3),
        (88, 'Lindsay Bartoletti', 'lindsaybartoletti333', '30867 Libbie Summit', '(232) 206-5759', '$2b$10$M0GoqxP1URpN7erym/VwRuyOsvDVTPeXVHkxmhHlQzv/9KGHXtn.i', 'Assistant', 3),
        (89, 'Donnie Gibson', 'donniegibson767', '63512 West Pine', '(754) 851-3523', '$2b$10$ArLttoOQeVsDPMtn4n4oLO8uzNvxCyX53MImJtn4c9MxLv8HAlZ2i', 'Assistant', 3),
        (90, 'Barry Feest', 'barryfeest52', '486 Mertz Ridge', '(678) 759-7956', '$2b$10$dLeJkF4YLl/SldT3Cu0Igu2CJkH2k83juinkKdTOPs7bUgBnVvjfq', 'Assistant', 3),
        (91, 'Janie Huel Jr.', 'janiehueljr.979', '377 Franz Loaf', '(384) 322-8877', '$2b$10$Tjk0n7.RNwXISLUl0EC8DeK8Z8Ve5Wax96k5r4kAdtjIz7ag8w9yO', 'Assistant', 3),
        (92, 'Kent Will', 'kentwill592', '710 Bridgette Glens', '(277) 603-4166', '$2b$10$hE1mvWpOF0bE0vwoTeITmusAX6hrKE0VSEDtiIfjFG1KF.8RsBIK6', 'Assistant', 3),
        (93, 'Sadie Schaden', 'sadieschaden39', '2332 Frederick Field', '(469) 611-2016', '$2b$10$x2bkG4339zxjRz4r7I6//OSNef5HVe9.tb.ZPoVszWVesxNIJdNkm', 'Assistant', 3),
        (94, 'Mr. Tom Strosin-Balistreri', 'mr.tomstrosin-balistreri941', '393 Rippin Lane', '(906) 761-4767', '$2b$10$ghE6BHF.VfCgqKnadC/eWexj.sR2u8x0kbMsj60aftUE9rFORD0Pi', 'Assistant', 3),
        (95, 'Jacqueline Mitchell', 'jacquelinemitchell943', '3166 Rolando Villages', '(790) 668-5891', '$2b$10$G5gwqB./YtJyBX2X1hm/5.cvIEpcmKZ99LQAplTRvzC8zTYxlZm2i', 'Assistant', 3),
        (96, 'Mr. Sam Wilkinson', 'mr.samwilkinson68', '565 Reynolds Circle', '(785) 717-0078', '$2b$10$R0/2Cta9ilPPRKw6BsgWi..SaiO0FZKbQu.hzq6q5SF4puv5P/s6i', 'Assistant', 3),
        (97, 'Luz Turner', 'luzturner774', '265 Arjun Via', '(233) 796-2288', '$2b$10$2x73jfexHcEwebykCNWfuutpZ/QRxK0x58b2.QwKKkvs4Vx422oo6', 'Assistant', 3),
        (98, 'Dr. Jeannette Strosin', 'dr.jeannettestrosin63', '7555 Howe Route', '(882) 888-5970', '$2b$10$EqqUhCSyFh6sU27IvrW/L.2H9ad4aveoftKOOin1omQ0muBbCCEKq', 'Assistant', 3),
        (99, 'Mr. Bradford Nader', 'mr.bradfordnader984', '791 Boyle Spring', '(932) 273-6154', '$2b$10$pzDWUUHrD0hESvdyT8EAkuuKuS5n23fVSzJqurmO4U15DtTgFGNpS', 'Assistant', 3),
        (100, 'Raymond Zieme', 'raymondzieme158', '9202 S 6th Street', '(941) 921-5248', '$2b$10$2fxlOfjkQJp31GVZK/Mjre5rXGt3Twx3ahQ1Ss/XGwKXMjr9Zs7wa', 'Assistant', 3),
        (101, 'Luis Koepp', 'luiskoepp289', '9249 York Street', '(452) 623-1586', '$2b$10$syEF/faU2GCLf4drqwGUleUabcfRSLM7AfqPfwOGLXjTkzKA3su0O', 'Driver', 4),
        (102, 'Mrs. Edna Zulauf', 'mrs.ednazulauf382', '6239 Imogene Streets', '(295) 373-4410', '$2b$10$RWCP5C8CznLYN.0bBxk1SerXWPX6ZXX6NWxQmxXJRD4w8MFDbyvo6', 'Driver', 4),
        (103, 'Benjamin Smith MD', 'benjaminsmithmd65', '7334 St Mary''s Road', '(594) 803-6268', '$2b$10$sfbSITJ.EitoWsNliyUgiONTrLwg5FY1aLNf5Q9K6uG/MO8oqhig6', 'Driver', 4),
        (104, 'Emma Hauck', 'emmahauck955', '192 Assunta Field', '(713) 766-0623', '$2b$10$FgdzI2CIDChPHGpJ0p9TpebOd2y1He4StVTl3IpSUbL5Ph4r21i2q', 'Driver', 4),
        (105, 'Dr. Alicia Wunsch DDS', 'dr.aliciawunschdds539', '6761 Daniel Square', '(481) 506-6197', '$2b$10$e9A0CmeFSyw40KGfkWJpgOrhW0rr/iTzhz/Vc53.s2SQcKMcHFuH6', 'Driver', 4),
        (106, 'Freddie Franey', 'freddiefraney990', '7704 North Lane', '(211) 963-3660', '$2b$10$DgHjNwse7kQMOjF6L4Yw5OaUpWGaNAhl8JHQ8JFguoRbs/GU2qdFK', 'Driver', 4),
        (107, 'Marion Volkman', 'marionvolkman934', '6824 Maple Avenue', '(805) 484-2802', '$2b$10$1ukFpnwDHA6zQXK4SZLIUefYrnfvr1WWSa1fu2BE/ghDJ8aHOLCBW', 'Driver', 4),
        (108, 'Rita Bartell', 'ritabartell783', '350 Stevie Estates', '(416) 296-1362', '$2b$10$VzCGa9Qan/7x9gZpVD1iMeQ76WpRycimkPrphUICpiKblit.i3eIy', 'Driver', 4),
        (109, 'Lela Nitzsche', 'lelanitzsche552', '5986 Grant Pines', '(835) 470-7406', '$2b$10$kRPLkhh4t1PwjLD3zRpvwenp4/dzepxZ65eIAqW9q.p0xZxieph0W', 'Driver', 4),
        (110, 'Alyssa Swaniawski', 'alyssaswaniawski660', '23572 Jaskolski Heights', '(352) 601-1148', '$2b$10$K27rMI.9Hmw6AHukBZqcoOWyDVVIZYOO6W8g/KieqLGwqUXIDQxRC', 'Driver', 4),
        (111, 'Glenda Kertzmann', 'glendakertzmann686', '19780 Cassandra Field', '(740) 326-1257', '$2b$10$X0uY7AYd2hw1NhZ9zBhH8.lLB9y7AopPbt7GERZlLN/Sh35yaw0OS', 'Assistant', 4),
        (112, 'Tiffany Bergnaum', 'tiffanybergnaum544', '3384 S Oak Street', '(367) 809-0533', '$2b$10$FIlqv.L8Hn0mTqzOD/AwBeeOFSPJdi1RR9V0Ki0vYJyBjkdGNh1gG', 'Assistant', 4),
        (113, 'Roland Veum', 'rolandveum702', '272 Wilkinson Mews', '(223) 343-5686', '$2b$10$9/5RxK8sAojQX5HjPJ6yb.AJ/zz/O7pDJiE1YisYiqXdEbewmCQOa', 'Assistant', 4),
        (114, 'Abraham Sawayn', 'abrahamsawayn987', '80795 Jerde Walks', '(677) 745-4802', '$2b$10$AR.HH/7Yt7lwed7TqlfoqOPWNjnoHuAwEQ9MCTjlWjjw9tcgT5ZTa', 'Assistant', 4),
        (115, 'Edith Botsford', 'edithbotsford279', '6840 N Railroad Street', '(652) 740-3420', '$2b$10$iaMpChiTfyezmp9RS1dSXuXxitFhjjgoYvR0m7b5qxsQ5G3jWeHfy', 'Assistant', 4),
        (116, 'Mrs. Judith Hudson', 'mrs.judithhudson654', '551 Marilie Trail', '(808) 597-8833', '$2b$10$BaSvuQ/9RwFT2iP6JsEJeOIvkX8z.uVjV07KFc.E9QGQ77ZwJTb7q', 'Assistant', 4),
        (117, 'Gregory Ondricka', 'gregoryondricka894', '78511 America Throughway', '(465) 390-2669', '$2b$10$MHDverYYKrMbVT2HsiJZneJ9ha7i9UczAeub2iKjW3r8mTtT1vpai', 'Assistant', 4),
        (118, 'Mindy Bartoletti', 'mindybartoletti166', '94494 Jarret Terrace', '(280) 548-6858', '$2b$10$/Pd6WoN/bJRqqqa/ek67sOL.gRcacqHz48GbSdidgJU.jmOAP0vNW', 'Assistant', 4),
        (119, 'Yolanda Weber', 'yolandaweber664', '1704 Talia Canyon', '(614) 950-5335', '$2b$10$zm23s0640f9DadZQ5d2m5.kE3NDCYWZv3tXnNYfJ.A9bnuRiZewE2', 'Assistant', 4),
        (120, 'Miss Cora Batz', 'misscorabatz283', '70389 Forrest Inlet', '(823) 685-3364', '$2b$10$E9DmeDPsn3jNxm2uM5azS.gcNos.J1XAeJVdof93t9YrUt8g3j.Ii', 'Assistant', 4),
        (121, 'Mrs. Judy Harvey', 'mrs.judyharvey173', '4693 Deonte Course', '(297) 573-6184', '$2b$10$PVBDSvOMUQTyqXDhl2csv.1PZhyh6UVb.u/Js5Utlpk7SQSCsfH/a', 'Assistant', 4),
        (122, 'Tyler Block', 'tylerblock724', '14055 Memorial Drive', '(310) 400-3692', '$2b$10$/ao4XfipOcXvv3WMC4JD9OWIVxZmqJDFCLmr7hRAlo4WG8SU59pse', 'Driver', 5),
        (123, 'Percy Fay IV', 'percyfayiv342', '101 Beier Viaduct', '(368) 544-7507', '$2b$10$SNzLItgIIxNMx.PLuBwkgON4Zqv5aKFfEyZ6vjZqTM1BQwKO2WOZi', 'Driver', 5),
        (124, 'Pedro Feeney III', 'pedrofeeneyiii424', '2892 Bailey View', '(286) 569-7369', '$2b$10$g4Z3t/9J7PrcBEmDvkSeN.I87MAuSKvEJ2MII4dNJyTNP0bX1z9j.', 'Driver', 5),
        (125, 'Francis Oberbrunner', 'francisoberbrunner156', '649 Kane Oval', '(784) 426-8300', '$2b$10$VxOdwWpzREKH2S3RwPuLrOujQBjNUgylpPqq6TPVfC9UmvIhNMDQK', 'Driver', 5),
        (126, 'Tommy Gulgowski', 'tommygulgowski18', '7385 N Broadway', '(417) 874-2454', '$2b$10$dcfVZquj0cHPqW1rgXiqFelUdIXsYHjIx1Izl.7r..uPGJ/8XTW2a', 'Driver', 5),
        (127, 'Tyrone Schulist', 'tyroneschulist158', '88091 Heather Close', '(419) 836-2044', '$2b$10$4cBnwxOvyBfJM8v06L7vseETXvxZIB0BlvKy5ecSDDVvJ8d6iDsJi', 'Driver', 5),
        (128, 'Jean Bednar', 'jeanbednar699', '1736 Sid Bridge', '(267) 674-9967', '$2b$10$PghjK8ZdBR1PJ39T1wZUauJ5.AMPTJUUzPw869dt7Av7dJTeX1wSa', 'Driver', 5),
        (129, 'Mrs. Charlotte Hermann', 'mrs.charlottehermann628', '4368 Dortha Walk', '(971) 265-4385', '$2b$10$i5upi1qE0Qmtr4KVyavb5OApW1v9mte.MiQcC30DyZK29yqZnOVHy', 'Driver', 5),
        (130, 'Ella Boehm', 'ellaboehm511', '56238 Damon Valleys', '(575) 797-5810', '$2b$10$FweAFLRGWeWMtkrc2jLdTucbMlVLoKovQTMyEMqKnyJuIR5pz0iVy', 'Driver', 5),
        (131, 'Mike Willms', 'mikewillms907', '796 Welch Expressway', '(593) 997-4796', '$2b$10$zeRSpEfIer7MUsgfuoSWhuf56ALdrZVtXyb76K1AaYc4XEFRpTYM.', 'Driver', 5),
        (132, 'Louise Brakus', 'louisebrakus210', '499 The Maltings', '(728) 466-3965', '$2b$10$kdk2mRynpI8gj/rfJwLw3OlsakL78oWM.kjoShRMPlsJPHt2dr58C', 'Assistant', 5),
        (133, 'Allen Bernhard', 'allenbernhard561', '48156 Ceasar Burgs', '(932) 428-3229', '$2b$10$5PTntpaPS4utSTMFrWQX4eKMrUVidVobTm77e00/bOA6oztQ/9SZa', 'Assistant', 5),
        (134, 'Miss Betty Herzog', 'missbettyherzog541', '55276 1st Avenue', '(361) 907-9838', '$2b$10$jjVHqYe6VgVxSDwUN7w8dun7Wf57p.RXS5RXBM1SWS74vCRFXoQcq', 'Assistant', 5),
        (135, 'Lucille Barton', 'lucillebarton160', '452 Park Avenue', '(891) 664-7546', '$2b$10$//IarenePSgNWwOkJupSiOOcLb66WsLd.vW1UOwJdejioPty0bn0K', 'Assistant', 5),
        (136, 'Earl Turner', 'earlturner0', '73780 Sydni Villages', '(552) 884-9280', '$2b$10$a.ao/fm1.ujYvk9ywsUnd./R1BGM4affvBV/Wl86tEwhLJi1DYgpO', 'Assistant', 5),
        (137, 'Reginald Kunze', 'reginaldkunze520', '9939 Oda Fort', '(806) 544-5541', '$2b$10$0n6KAMNr2lQzzrI8pvXupuPFtdqUkWM2caX1zbG9qYK8qwF73JK/y', 'Assistant', 5),
        (138, 'Ann Muller', 'annmuller807', '492 Janick Square', '(988) 401-9763', '$2b$10$7Y2q5tyd6OhXknPTpMoKzOmEwsbb/Ly4nSGJAptbbpkljOtHFQpKO', 'Assistant', 5),
        (139, 'Marjorie Vandervort Sr.', 'marjorievandervortsr.792', '998 Audreanne Trace', '(549) 286-9970', '$2b$10$ZSP2E5rKomujYtdQdtwhaeTwN5FnLraIfEJ.M/h58WknEjPSBe0s2', 'Assistant', 5),
        (140, 'Mabel Spinka', 'mabelspinka760', '3243 Preston Path', '(456) 665-8909', '$2b$10$bSt1FcztLti8pqlfFxGg0OYxG1BydWLL38ufwbuEstU4uZPy6JCW.', 'Assistant', 5),
        (141, 'Alfonso Schuster', 'alfonsoschuster186', '52453 Glenda Court', '(221) 905-5246', '$2b$10$RugaVUanIid76RMn2Haji.5mZyLSsKo7Hc2KXb4/pfyhz/SDuj1eS', 'Assistant', 5),
        (142, 'Deborah Hermann', 'deborahhermann879', '665 Stracke Route', '(365) 960-1570', '$2b$10$I1X3TMkTypAMUilsf7yTnub2BsRRrNK5cre04lLim8uXceoVCWIFu', 'Assistant', 5),
        (143, 'Elaine Smitham', 'elainesmitham681', '703 Ash Street', '(484) 860-4986', '$2b$10$56pkculLV/D9AMgsMgB4X.LLm5rrkppTO0GE3vGbn4HxifFKfIhXi', 'Assistant', 5),
        (144, 'Clay Lehner', 'claylehner303', '192 Jewel Prairie', '(265) 204-8766', '$2b$10$f0C1a47GzehfmxquXCck6O66mJC6Py1oHqO/5Nc2qbFrLyaHs2MDy', 'Assistant', 5),
        (145, 'Wendy Willms', 'wendywillms512', '352 Purdy Locks', '(679) 570-0584', '$2b$10$vmPsusJjvZ1ndJD5teM5Ge/hzihKyv4RPBF3hlzRd.376.elA/DwW', 'Driver', 6),
        (146, 'Kara Stanton-Dietrich', 'karastanton-dietrich587', '7406 Davis Street', '(497) 400-9725', '$2b$10$fvVNJaSZ.x/VhBej/fhfyOsutw3J24F.2TxruybgsvRSj7z5XvuZO', 'Driver', 6),
        (147, 'Howard Marks MD', 'howardmarksmd692', '60419 The Drive', '(319) 937-9035', '$2b$10$oot/oGDonNSlh/SPPNYV1OAbhzyybilDzlG16PpZpkRRATZiK3fAa', 'Driver', 6),
        (148, 'Helen Kautzer', 'helenkautzer259', '44974 Bath Street', '(405) 903-1715', '$2b$10$LS40ZdYpsJI9r0Vk.l/QoOuoqRkLc68I7dgwUbFyHKQEaHh8rGg8u', 'Driver', 6),
        (149, 'Dr. Mattie Lind III', 'dr.mattielindiii239', '101 Johns Bypass', '(558) 352-8344', '$2b$10$3CvexxRRNwoROONGBBpkb.hL0kpox6nofm8.qDHuXXPNwaJCMtEzC', 'Driver', 6),
        (150, 'Tyler Fadel', 'tylerfadel897', '42049 Domenick Branch', '(806) 280-9490', '$2b$10$LrVG3uVo3tuH.9GT7OmgxO.sV2EV0MUTVsxWtFV21H7u9zHx7xZGW', 'Driver', 6),
        (151, 'Jean Walker', 'jeanwalker605', '4940 S 2nd Street', '(825) 311-0027', '$2b$10$a6VlkZ01R2vw9zuSiBb2GeJi4bYlh25QLH3lwFKBX5IaM6h1GDyDu', 'Driver', 6),
        (152, 'Jessica Bechtelar', 'jessicabechtelar319', '142 Highfield Close', '(869) 489-1875', '$2b$10$lklKNu75PzW9/FZiRLPXZ.5JFwzbhr9.Dq786GNfE8dbVi6pvNguC', 'Driver', 6),
        (153, 'Eugene McDermott DVM', 'eugenemcdermottdvm27', '85917 Kassulke Manors', '(574) 418-6590', '$2b$10$N/5jC4h4JWTXUhMmxt35heKg9FI6uMLHjb8iFxwdbKkYBKio9Pq4y', 'Driver', 6),
        (154, 'Tom Schowalter', 'tomschowalter347', '49335 Jeromy Crossing', '(675) 651-9870', '$2b$10$1D/ENNdybGFWowb/FYwKueQg1R1QvQ8/J5dCFIDOLjQ2MViDXJZha', 'Driver', 6),
        (155, 'Neil Schuster', 'neilschuster991', '91052 Heathcote Glen', '(540) 341-3433', '$2b$10$STIYfOdSi6T9c/H9ndyNX.zmIOLwf9CEacM26pzS.2G9oBx/O4c52', 'Assistant', 6),
        (156, 'Rex Brakus', 'rexbrakus659', '50925 Marsh Lane', '(211) 968-0719', '$2b$10$Xw5xd8mS5/xzGENr.5BbdOzjGI5lfoh1XhPNXGYXHkkSfoRroFngC', 'Assistant', 6),
        (157, 'Gail Weissnat-Yost Jr.', 'gailweissnat-yostjr.424', '4221 Pollich Avenue', '(604) 967-0931', '$2b$10$dRDhnXSXjgXWW25XEa7yR.wIbyYGrj38Y0Z3F5hocpX9Yooipdli.', 'Assistant', 6),
        (158, 'Dr. Myrtle Ortiz', 'dr.myrtleortiz497', '538 S Maple Street', '(384) 858-9361', '$2b$10$iRiYmsSRAJZyPnQO40e0Cer2soskbAY9EgitAivmc/0eFg0WXyA8C', 'Assistant', 6),
        (159, 'Gilbert Mills', 'gilbertmills306', '397 Danika Lights', '(305) 962-9710', '$2b$10$l0w9AxESAHT.8wwkKd.yPeEy4TsmhzGb0XI.2XR6amW0NiXfUnjTC', 'Assistant', 6),
        (160, 'Rose Hodkiewicz', 'rosehodkiewicz810', '91264 Kingsway', '(771) 961-0304', '$2b$10$NcJ9zM5gqnfGIBay6lfos.7aKZGaFB78seKsFoePUj9qBy1C7Cp4u', 'Assistant', 6),
        (161, 'Lester Kemmer', 'lesterkemmer17', '1147 Prohaska Trafficway', '(888) 540-0959', '$2b$10$2N5C5AtzLIqXbo25PZOZi.OZsPq5d7zo2rxkqbK.c8SAt3LpmAhY.', 'Assistant', 6),
        (162, 'Mr. Hugh Reichert', 'mr.hughreichert226', '8900 Littel Greens', '(573) 337-1412', '$2b$10$sgaR35VvwOHZR0jyxirkeevGk71AleoxkHNP.Klxp4cxzdrOrb4uC', 'Assistant', 6),
        (163, 'Betty Gislason', 'bettygislason680', '2637 Stacy Trafficway', '(630) 675-5416', '$2b$10$NPYpUhaojEQmLwu4473yrewK82a93cOOMcdPqElrOfJUw5.E8vnlW', 'Assistant', 6),
        (164, 'Javier Oberbrunner', 'javieroberbrunner651', '518 Bay Street', '(497) 369-1531', '$2b$10$Dbk1Bbl.iGRfYSeOpeLsn.Rh81sEBLsLtXGlux9UW1pjLtm8W.rOe', 'Assistant', 6),
        (165, 'Alicia Cummerata', 'aliciacummerata454', '6553 Langworth Neck', '(542) 808-8573', '$2b$10$IXlRKH5n8A5/d6jLgMqUHeyNCQZl/BsUUp1YtZzekEVTVzkiqn3f2', 'Assistant', 6),
        (166, 'Sidney Brown V', 'sidneybrownv264', '936 Hillside Close', '(907) 993-2406', '$2b$10$WYCjOOek77h2wv3xM6ecSeWYUt3NXooitPIoiQt7XEuJNdo6oS4pO', 'Assistant', 6),
        (167, 'Ian Nienow', 'iannienow942', '4955 Schoen Loaf', '(737) 458-8420', '$2b$10$GhPHp5V4/5nHH2Ok4/ag7erE7nzxneTZE7B4ZTWgnoOnQPts08b2W', 'Assistant', 6),
        (168, 'Hope Willms-Durgan', 'hopewillms-durgan991', '40151 Kuhic Bypass', '(372) 327-1647', '$2b$10$u8amDMsLxsYYhVdvt9yt5eglJb6OnuiXUvmaWQcn4qEXzSXFJjOHW', 'Assistant', 6),
        (169, 'Veronica Smitham', 'veronicasmitham425', '169 Well Lane', '(509) 668-1586', '$2b$10$pmbTPSe7DaeNM5yvuWMLiOMK0aoJvAsG1SRYI5uIEFkE08L9TQpRC', 'Assistant', 6),
        (170, 'Jesse Stokes', 'jessestokes868', '9835 Mohr Street', '(780) 811-7757', '$2b$10$kWWFi.z/sXhkC/AMZpsExeWCpwVgWR.Te1yLxpiwTXR2jKfeCAPem', 'Assistant', 6),
        (171, 'Laura Crona', 'lauracrona816', '4015 Vine Street', '(272) 838-4880', '$2b$10$CxNDHchUMa5FqESNq9Jybu9s8Nn4w8mCIxGVGgj1/4gshQbCc0iW6', 'Driver', 7),
        (172, 'Rosemary Moore', 'rosemarymoore474', '93094 Mill Close', '(885) 938-9477', '$2b$10$khtjEKyg5nBeHvp7sPUiJe9MybKU79yd2VUz7iZeuuzja.PTDgpPO', 'Driver', 7),
        (173, 'Greg Runolfsson', 'gregrunolfsson268', '908 Emmanuel Ferry', '(295) 431-2124', '$2b$10$043/ueL.Qnyzkoz4jYwwVe4yB8G4MSNbGUXYE.ISMOTQtZYsfTpoq', 'Driver', 7),
        (174, 'Tracy Crist', 'tracycrist305', '774 Boyer Falls', '(934) 201-7200', '$2b$10$9uoVlB1TS03IQIucyyS6luSc6L66vu2CPfQoaq5bJJKbAHfsGGgHS', 'Driver', 7),
        (175, 'Cary Gislason-Hahn', 'carygislason-hahn253', '57527 Bethany Forest', '(345) 277-4412', '$2b$10$YUA3W72ZvXYGQNGtGiFx1.aQvyYxOghaKrGWA3xvtwwqCFI3NVwIi', 'Driver', 7),
        (176, 'Felicia Rosenbaum', 'feliciarosenbaum116', '8770 W 6th Avenue', '(330) 776-7696', '$2b$10$6/7qIPc/mehVPZHCxukT9u/c2dg5gcT1oO7xz9weyDQl2MUY9KPjq', 'Driver', 7),
        (177, 'Gloria Walsh Jr.', 'gloriawalshjr.353', '226 The Fairway', '(620) 666-2270', '$2b$10$84dOk9WhaBkoi0ZYgittM.66MEqEaWdvH8B3onoqeVqMOFHKqVzju', 'Driver', 7),
        (178, 'Gerald McClure III', 'geraldmcclureiii183', '30084 S Union Street', '(496) 369-0271', '$2b$10$RDH.DgHviyrQZIdDZcnOCeKtw9Jv3rXrPZD2BzrHJrVH/h5wNdirO', 'Driver', 7),
        (179, 'Christopher Prohaska', 'christopherprohaska373', '62881 Morris Fall', '(297) 842-9154', '$2b$10$0SHmcphvEZXp.sMj3leTIOa1kJY/OjN2P0zMEsCPsKZvYuCBXl/ci', 'Driver', 7),
        (180, 'Debra Bogisich', 'debrabogisich366', '89550 Kris Forge', '(801) 796-7766', '$2b$10$8rusNM3rBSgYeyJuUZTzp.Um3lFcwbVUztnYxoGgvLnF391llTJIa', 'Driver', 7),
        (181, 'Guadalupe Simonis', 'guadalupesimonis55', '3725 Buckingham Road', '(876) 519-5039', '$2b$10$jGtMc6r.3C9RmcQVA9amE.iczBCj/h48KJ7XKEbDvgZIUza1J3.7W', 'Assistant', 7),
        (182, 'Sheri Raynor', 'sheriraynor171', '302 Delmer Grove', '(205) 737-9847', '$2b$10$b4fy0bChIB168uhdnA88K.JlLsRHA7XU2B1jZFgYpBbrX6vuQbN66', 'Assistant', 7),
        (183, 'Albert Smitham-Skiles', 'albertsmitham-skiles524', '5429 Frontage Road', '(906) 517-2989', '$2b$10$HaZ.VNU0oCgPaveKjUouX.CsaENzoPCZWUP/raehAbBNO6TUWqrtm', 'Assistant', 7),
        (184, 'Hope Crooks', 'hopecrooks60', '8966 White Prairie', '(369) 967-9345', '$2b$10$X8iL9cNss46fU0dqgzfqweumghpSVrpAvtOq5otUyJGy9a/pEO7XG', 'Assistant', 7),
        (185, 'Audrey Rowe', 'audreyrowe718', '70616 E 10th Street', '(677) 735-8121', '$2b$10$q9yahYrB/uFTxOXbZ2g09Oc5zkDDz/GJd1kgEkgM2C5jvlGXDMpMa', 'Assistant', 7),
        (186, 'Mr. Juan Brown', 'mr.juanbrown538', '55401 Bosco Run', '(423) 668-9819', '$2b$10$8BFqIpYeMunqvBz55QWntes7AHQq.oybQNDS5WySqfRL3CtAdQ.Da', 'Assistant', 7),
        (187, 'Jody Feeney', 'jodyfeeney392', '70080 Beahan Union', '(381) 227-3915', '$2b$10$8nYh9jigMkuo6VLvvO7WueJEIA/o1OIYHW4PN9cKCChVwMBQ4QXlG', 'Assistant', 7),
        (188, 'Agnes Blanda', 'agnesblanda235', '280 Steuber Freeway', '(350) 462-8690', '$2b$10$5m1DIjLOrBiTCuRkHVtIBeNtO/M6WK6xbtDBi34DcJCocvN02.j3O', 'Assistant', 7),
        (189, 'Alexander Trantow Sr.', 'alexandertrantowsr.622', '208 Highland Avenue', '(475) 827-8103', '$2b$10$4khOeSdvcC718yi/wjiBe.SuA6A/YpjH5QTiB1AGQ4PsvuSFK5JfO', 'Assistant', 7),
        (190, 'Ian Luettgen', 'ianluettgen39', '959 Schulist Falls', '(759) 394-7753', '$2b$10$zzYlCP/44Akq1sHgsw1eKurYYZaPUyjPyLTLAneUxxtHgGc0YyaeG', 'Assistant', 7),
        (191, 'Ellis Zboncak', 'elliszboncak305', '20228 Bell Lane', '(897) 983-6609', '$2b$10$dFxK4CixbPhBf8GGGq3GKeBZA5sDk3RK7m2DXSsALC6mgRH1uU4c.', 'Assistant', 7);


insert into scms.driver (DriverID, EmployeeID, WorkingHours, CompletedHours, Status)
values  (1, 13, 40, 7, 'Available'),
        (2, 14, 40, 12, 'Available'),
        (3, 15, 40, 14, 'Available'),
        (4, 16, 40, 12, 'Available'),
        (5, 17, 40, 11, 'Available'),
        (6, 18, 40, 9, 'Available'),
        (7, 19, 40, 6, 'Available'),
        (8, 20, 40, 12, 'Available'),
        (9, 21, 40, 20, 'Available'),
        (10, 22, 40, 7, 'Available'),
        (11, 38, 40, 6, 'Available'),
        (12, 39, 40, 8, 'Available'),
        (13, 40, 40, 7, 'Available'),
        (14, 41, 40, 4, 'Available'),
        (15, 42, 40, 12, 'Available'),
        (16, 43, 40, 0, 'Available'),
        (17, 44, 40, 0, 'Available'),
        (18, 45, 40, 0, 'Available'),
        (19, 46, 40, 0, 'Available'),
        (20, 47, 40, 0, 'Available'),
        (21, 70, 40, 0, 'Available'),
        (22, 71, 40, 0, 'Available'),
        (23, 72, 40, 0, 'Available'),
        (24, 73, 40, 0, 'Available'),
        (25, 74, 40, 0, 'Available'),
        (26, 75, 40, 0, 'Available'),
        (27, 76, 40, 0, 'Available'),
        (28, 77, 40, 0, 'Available'),
        (29, 78, 40, 0, 'Available'),
        (30, 79, 40, 0, 'Available'),
        (31, 101, 40, 0, 'Available'),
        (32, 102, 40, 0, 'Available'),
        (33, 103, 40, 0, 'Available'),
        (34, 104, 40, 0, 'Available'),
        (35, 105, 40, 0, 'Available'),
        (36, 106, 40, 0, 'Available'),
        (37, 107, 40, 0, 'Available'),
        (38, 108, 40, 0, 'Available'),
        (39, 109, 40, 0, 'Available'),
        (40, 110, 40, 0, 'Available'),
        (41, 122, 40, 0, 'Available'),
        (42, 123, 40, 0, 'Available'),
        (43, 124, 40, 0, 'Available'),
        (44, 125, 40, 0, 'Available'),
        (45, 126, 40, 0, 'Available'),
        (46, 127, 40, 0, 'Available'),
        (47, 128, 40, 0, 'Available'),
        (48, 129, 40, 0, 'Available'),
        (49, 130, 40, 0, 'Available'),
        (50, 131, 40, 0, 'Available'),
        (51, 145, 40, 0, 'Available'),
        (52, 146, 40, 0, 'Available'),
        (53, 147, 40, 0, 'Available'),
        (54, 148, 40, 0, 'Available'),
        (55, 149, 40, 0, 'Available'),
        (56, 150, 40, 0, 'Available'),
        (57, 151, 40, 0, 'Available'),
        (58, 152, 40, 0, 'Available'),
        (59, 153, 40, 0, 'Available'),
        (60, 154, 40, 0, 'Available'),
        (61, 171, 40, 0, 'Available'),
        (62, 172, 40, 0, 'Available'),
        (63, 173, 40, 0, 'Available'),
        (64, 174, 40, 0, 'Available'),
        (65, 175, 40, 0, 'Available'),
        (66, 176, 40, 0, 'Available'),
        (67, 177, 40, 0, 'Available'),
        (68, 178, 40, 0, 'Available'),
        (69, 179, 40, 0, 'Available'),
        (70, 180, 40, 0, 'Available');


insert into scms.assistant (AssistantID, EmployeeID, WorkingHours, CompletedHours, Status)
values  (1, 23, 60, 7, 'Available'),
        (2, 24, 60, 41, 'Available'),
        (3, 25, 60, 21, 'Available'),
        (4, 26, 60, 54, 'Available'),
        (5, 27, 60, 24, 'Available'),
        (6, 28, 60, 55, 'Available'),
        (7, 29, 60, 10, 'Available'),
        (8, 30, 60, 5, 'Available'),
        (9, 31, 60, 4, 'Available'),
        (10, 32, 60, 7, 'Available'),
        (11, 33, 60, 4, 'Available'),
        (12, 34, 60, 12, 'Available'),
        (13, 35, 60, 11, 'Available'),
        (14, 36, 60, 0, 'Available'),
        (15, 37, 60, 0, 'Available'),
        (16, 48, 60, 0, 'Available'),
        (17, 49, 60, 0, 'Available'),
        (18, 50, 60, 0, 'Available'),
        (19, 51, 60, 0, 'Available'),
        (20, 52, 60, 0, 'Available'),
        (21, 53, 60, 0, 'Available'),
        (22, 54, 60, 0, 'Available'),
        (23, 55, 60, 0, 'Available'),
        (24, 56, 60, 0, 'Available'),
        (25, 57, 60, 0, 'Available'),
        (26, 58, 60, 0, 'Available'),
        (27, 59, 60, 0, 'Available'),
        (28, 60, 60, 0, 'Available'),
        (29, 61, 60, 0, 'Available'),
        (30, 62, 60, 0, 'Available'),
        (31, 63, 60, 0, 'Available'),
        (32, 64, 60, 0, 'Available'),
        (33, 65, 60, 0, 'Available'),
        (34, 66, 60, 0, 'Available'),
        (35, 67, 60, 0, 'Available'),
        (36, 68, 60, 0, 'Available'),
        (37, 69, 60, 0, 'Available'),
        (38, 80, 60, 0, 'Available'),
        (39, 81, 60, 0, 'Available'),
        (40, 82, 60, 0, 'Available'),
        (41, 83, 60, 0, 'Available'),
        (42, 84, 60, 0, 'Available'),
        (43, 85, 60, 0, 'Available'),
        (44, 86, 60, 0, 'Available'),
        (45, 87, 60, 0, 'Available'),
        (46, 88, 60, 0, 'Available'),
        (47, 89, 60, 0, 'Available'),
        (48, 90, 60, 0, 'Available'),
        (49, 91, 60, 0, 'Available'),
        (50, 92, 60, 0, 'Available'),
        (51, 93, 60, 0, 'Available'),
        (52, 94, 60, 0, 'Available'),
        (53, 95, 60, 0, 'Available'),
        (54, 96, 60, 0, 'Available'),
        (55, 97, 60, 0, 'Available'),
        (56, 98, 60, 0, 'Available'),
        (57, 99, 60, 0, 'Available'),
        (58, 100, 60, 0, 'Available'),
        (59, 111, 60, 0, 'Available'),
        (60, 112, 60, 0, 'Available'),
        (61, 113, 60, 0, 'Available'),
        (62, 114, 60, 0, 'Available'),
        (63, 115, 60, 0, 'Available'),
        (64, 116, 60, 0, 'Available'),
        (65, 117, 60, 0, 'Available'),
        (66, 118, 60, 0, 'Available'),
        (67, 119, 60, 0, 'Available'),
        (68, 120, 60, 0, 'Available'),
        (69, 121, 60, 0, 'Available'),
        (70, 132, 60, 0, 'Available'),
        (71, 133, 60, 0, 'Available'),
        (72, 134, 60, 0, 'Available'),
        (73, 135, 60, 0, 'Available'),
        (74, 136, 60, 0, 'Available'),
        (75, 137, 60, 0, 'Available'),
        (76, 138, 60, 0, 'Available'),
        (77, 139, 60, 0, 'Available'),
        (78, 140, 60, 0, 'Available'),
        (79, 141, 60, 0, 'Available'),
        (80, 142, 60, 0, 'Available'),
        (81, 143, 60, 0, 'Available'),
        (82, 144, 60, 0, 'Available'),
        (83, 155, 60, 0, 'Available'),
        (84, 156, 60, 0, 'Available'),
        (85, 157, 60, 0, 'Available'),
        (86, 158, 60, 0, 'Available'),
        (87, 159, 60, 0, 'Available'),
        (88, 160, 60, 0, 'Available'),
        (89, 161, 60, 0, 'Available'),
        (90, 162, 60, 0, 'Available'),
        (91, 163, 60, 0, 'Available'),
        (92, 164, 60, 0, 'Available'),
        (93, 165, 60, 0, 'Available'),
        (94, 166, 60, 0, 'Available'),
        (95, 167, 60, 0, 'Available'),
        (96, 168, 60, 0, 'Available'),
        (97, 169, 60, 0, 'Available'),
        (98, 170, 60, 0, 'Available'),
        (99, 181, 60, 0, 'Available'),
        (100, 182, 60, 0, 'Available'),
        (101, 183, 60, 0, 'Available'),
        (102, 184, 60, 0, 'Available'),
        (103, 185, 60, 0, 'Available'),
        (104, 186, 60, 0, 'Available'),
        (105, 187, 60, 0, 'Available'),
        (106, 188, 60, 0, 'Available'),
        (107, 189, 60, 0, 'Available'),
        (108, 190, 60, 0, 'Available'),
        (109, 191, 60, 0, 'Available');


insert into scms.customer (CustomerID, Username, Name, Address, Contact, Type, City, PasswordHash)
values  (1, 'billiewill309', 'Billie Will', '89637 Cristopher Camp', '(613) 905-0967', 'Retailer', 'Batticaloa', '$2b$10$dfrhknkFi2aSYp2X33pv/.jUY5RRYXb6xL7Wg53nnhXkRJ2yknaRm'),
        (2, 'randalstokes605', 'Randal Stokes', '215 Wolff Groves', '(385) 389-2239', 'Retailer', 'Jaffna', '$2b$10$CBIOUfSaKrEb2yDmMyjCtOBdKBLsY60TlqvQoOEml5GMAfaIUF1KO'),
        (3, 'guadalupequigley10', 'Guadalupe Quigley', '29298 William Street', '(569) 547-6029', 'End', 'Badulla', '$2b$10$o8NfglV00SLLiuwkExw/xuvy6LEFz0lVXqbIJRsxq264/Ga.ff3I6'),
        (4, 'kimkirlin229', 'Kim Kirlin', '27909 Corwin Crossroad', '(909) 626-3063', 'End', 'Badulla', '$2b$10$xr7of8h8dlcFmUA9J.4ziODWlOdC504SFg0n3O3cUW/a6IQ0LhD/q'),
        (5, 'missheatherjerde991', 'Miss Heather Jerde', '109 Edward Street', '(874) 217-9668', 'End', 'Anuradhapura', '$2b$10$rYBqfDZznv81hvhu4nMT6uSeO0kRHOjDTu/P75GwU6n2/Ryi5TII2'),
        (6, 'rhondawillms381', 'Rhonda Willms', '4864 Zemlak Mountains', '(670) 437-5848', 'Retailer', 'Colombo', '$2b$10$cPEYiwwDXEcA8itsgHMFSeNxlRDXKV/a1duSTY2KfOlvsxP89xpiC'),
        (7, 'kayking83', 'Kay King', '10005 Bethany Ridge', '(831) 554-6094', 'Retailer', 'Badulla', '$2b$10$ebwyAsII/Uq.voxSGMMUfOYHpDqJ1CuWPrsVoLeBNH.6mabOm5CHW'),
        (8, 'tracyabbott862', 'Tracy Abbott', '783 Franecki Walk', '(662) 477-5940', 'End', 'Jaffna', '$2b$10$vryv.9Ex/VpW/c1tFBOwFOitbcBPHVYH6npD7k8N1IHxPLkB9AGZm'),
        (9, 'alberthills333', 'Albert Hills', '64879 Kenton Lake', '(219) 244-9358', 'Retailer', 'Colombo', '$2b$10$8FUmu.jY8mgqM7Ksx0x8vOYnMtIgSpHal6vJRx4jh.DuWWvADwKpu'),
        (10, 'dr.laurencedaughertyjr.903', 'Dr. Laurence Daugherty Jr.', '2554 Trantow Stream', '(962) 218-1590', 'End', 'Badulla', '$2b$10$emsqObhO0sVh8olDnP5QlOuhJPdqHFLPDNc.IaPOLHAM4FfyHDZWG'),
        (11, 'ms.christydavis621', 'Ms. Christy Davis', '45357 Jace Loop', '(491) 918-2390', 'End', 'Kurunegala', '$2b$10$.SKsAMtChUBJQDKaEo/7zeCu7rs7HO6u0c326SlZmFxjE5m4wjew.'),
        (12, 'daveokuneva418', 'Dave Okuneva', '272 W Walnut Street', '(359) 824-2241', 'End', 'Batticaloa', '$2b$10$OzxbUSRNrkM.2YrECVLWA.tikfwitm8ZdHHQmnoDJFFfhck5kbr.K'),
        (13, 'mrs.wandaadams226', 'Mrs. Wanda Adams', '5712 Ankunding Keys', '(469) 825-1126', 'End', 'Batticaloa', '$2b$10$B3WKNvo20xbCKeD4.EwH3uyhetbBPTzNgLPuCg9.m6x7r3SscheiO'),
        (14, 'irmasenger914', 'Irma Senger', '447 Woodland Road', '(971) 995-0692', 'End', 'Kurunegala', '$2b$10$uwzPAAARDCXeJNSXmj7Z1OPpRQBuu0Oa.SxFdPhWVYe4TJuQHfk4a'),
        (15, 'dr.altondaugherty571', 'Dr. Alton Daugherty', '9481 Manchester Road', '(619) 533-1225', 'End', 'Colombo', '$2b$10$Z4ijoOz2nnF3fEdifTObYe6/89S4MnlFMRdxXbpDmEjx/vuAqsqfC'),
        (16, 'hopeparker510', 'Hope Parker', '18228 Pagac Locks', '(206) 528-2833', 'Retailer', 'Badulla', '$2b$10$dNn77gLx4U4NiUXSZvrb.e9fakPEzZXza.57e.p1J.cQUIQ09dSrS'),
        (17, 'steveernser318', 'Steve Ernser', '5268 Main', '(753) 351-3803', 'End', 'Kurunegala', '$2b$10$9tDdb.Caar7m/k2qPCyFEO5Y83PqbxWFN/ToQ0iVTm2Cx/Jcq087S'),
        (18, 'carltonrohan574', 'Carlton Rohan', '85932 Krajcik Gateway', '(761) 902-6899', 'End', 'Batticaloa', '$2b$10$8U4w74kO1UFJku7oGNGKE.X0MmJSXxUX5w2PT0WMagC30MzAvk136'),
        (19, 'alyssawilkinson31', 'Alyssa Wilkinson', '68564 Bernita Expressway', '(422) 856-8228', 'End', 'Anuradhapura', '$2b$10$63dhNe3CXdWH3cXI3nNGBO/G11dJyhRAd2cwiHtYy33G6pyyUs3xm'),
        (20, 'ms.marcellabechtelar895', 'Ms. Marcella Bechtelar', '35608 Maegan Hills', '(473) 334-5615', 'Retailer', 'Kurunegala', '$2b$10$oo0ebEspzlCxKk5wjlkHcuHQGewVdow9O8wrLQJopNWz5sgOHzrR6'),
        (21, 'marcellarice575', 'Marcella Rice', '7620 Park View', '(830) 274-8893', 'Retailer', 'Colombo', '$2b$10$Epd4cx7Z0QasJgmvEYD1genn9jUmOrQLhCku1fANrPlOXS.iwj3ie'),
        (22, 'johnniecasper147', 'Johnnie Casper', '875 Lime Grove', '(772) 946-4404', 'Retailer', 'Kurunegala', '$2b$10$9ej0ra7sc.RTw1QmfmG1c.3tyYrUhdPtvhmMLBW.vsg3lWU/HoOeq'),
        (23, 'noraschroederdds682', 'Nora Schroeder DDS', '36289 Smitham Trafficway', '(796) 227-9017', 'Retailer', 'Kurunegala', '$2b$10$tqBNGnGs1weFEeQLcxBElONO1qfzAMUK3YdXDVZ3LTBVFtgYUxGnK'),
        (24, 'lawrenceboyer-blick746', 'Lawrence Boyer-Blick', '254 Mozell Fall', '(510) 924-9168', 'End', 'Jaffna', '$2b$10$rFk44iW/AoSzADb4mnzzdupcO4VeypbHlQhJTeROMgycPZY7tXLP2'),
        (25, 'sharonschiller662', 'Sharon Schiller', '728 Bartoletti View', '(580) 529-1752', 'Retailer', 'Batticaloa', '$2b$10$Hs95CijNENiFsff0b3AZpO6fYndACZqndlyfXvz9uxlSeiMsptEMK'),
        (26, 'loisstrosin567', 'Lois Strosin', '91664 Terrance Estates', '(931) 228-5041', 'End', 'Colombo', '$2b$10$p4nFswIdlc0td6wHg3WfV.zI.m94cO9Wt169V3pAe6LIab5c/9tNG'),
        (27, 'mr.calvinhoeger765', 'Mr. Calvin Hoeger', '1675 Gibson Plaza', '(681) 695-9454', 'End', 'Jaffna', '$2b$10$3GmsGNg1PFwYhBLWRi14jOJTDrtX9TodDoImbmJ8d/wztoLnaLRsC'),
        (28, 'bessieauer194', 'Bessie Auer', '740 Berge Estates', '(645) 921-3250', 'End', 'Batticaloa', '$2b$10$IMJ6wZa6j3IKvbZWrEiJ5uq4PwkW7X17dTq16CxddxeK58Rxj/fK.'),
        (29, 'angelicagutmann315', 'Angelica Gutmann', '515 Goodwin Groves', '(201) 216-4257', 'Retailer', 'Anuradhapura', '$2b$10$dNNSU9j11dP8TBpevZC/IOLxul92G9VXXLaoyD.g6OUBmvQ5fYnzO'),
        (30, 'jeremyboyer-bartoletti228', 'Jeremy Boyer-Bartoletti', '69226 Turner Place', '(639) 415-3716', 'End', 'Badulla', '$2b$10$65zgPnVWQtnm.x.uufyqyORhFZhypdpniNJquRexXpCNpZfaeaft2'),
        (31, 'chelsearosenbaum764', 'Chelsea Rosenbaum', '931 Fay Bypass', '(892) 746-8478', 'End', 'Anuradhapura', '$2b$10$UsUcs8ycpr4KANVCAM0CJO/GOGJwT8UmWtK1yk7Uufw4k0Ppzsaie'),
        (32, 'caseylittle768', 'Casey Little', '641 Krystina Hills', '(674) 608-0398', 'End', 'Anuradhapura', '$2b$10$ATAKj9aipuGhXvXoqRe3wOkvXR5d08j4RTDxqpdpe4gpfjIkGytSq'),
        (33, 'lanceokunevaphd42', 'Lance Okuneva PhD', '7795 Timothy Bypass', '(222) 834-8317', 'Retailer', 'Badulla', '$2b$10$DR3IPAu92fVj2xFs5tJXcerQDYeWV12SJSreIM8iHRNNASm09zhgG'),
        (34, 'howardprosaccophd262', 'Howard Prosacco PhD', '1653 Reece Pine', '(273) 871-9470', 'Retailer', 'Jaffna', '$2b$10$GKjZwC.RJlwvAd0tAnqm5uMuChYJxLTHmb7fOVCq6bgmUOG9gfSt6'),
        (35, 'mrs.kaydaugherty453', 'Mrs. Kay Daugherty', '203 Newton Trail', '(644) 359-7266', 'End', 'Anuradhapura', '$2b$10$Dr0GP3J1XN3P9gtisycl4.N5QNx72/X/qpuoRkj.Ws.AXWDKadiNa'),
        (36, 'deweymitchell-roberts547', 'Dewey Mitchell-Roberts', '825 S Front Street', '(219) 255-0123', 'Retailer', 'Batticaloa', '$2b$10$1GnAVZq0ycFLY5ImGFbDzO3xvgkyWv4GoxXyr3ggNCSlw3wjChK/u'),
        (37, 'ms.sabrinabailey424', 'Ms. Sabrina Bailey', '4687 N Franklin Street', '(475) 774-5545', 'Retailer', 'Anuradhapura', '$2b$10$WgATaljcU5jOljZljPIUOOx63SnxMVsFEhkCWQBxCuI/c8bz1Wtc6'),
        (38, 'michelehuel97', 'Michele Huel', '39098 Addison Loop', '(904) 700-8931', 'End', 'Anuradhapura', '$2b$10$mBADtK93S0s8vO2/yu0nRu1RGbPgLiAo/dGSJeLWUSxGXQ9D.Ls8K'),
        (39, 'timwalterphd872', 'Tim Walter PhD', '24000 Moor Lane', '(607) 564-2098', 'Retailer', 'Colombo', '$2b$10$lcJdhlUE69uMzVR1f3r.fubxEMrqmC9hS2JA3awcNi1A5mRndC.r2'),
        (40, 'dr.kennethkuhlman947', 'Dr. Kenneth Kuhlman', '96072 King Ranch', '(985) 464-3235', 'Retailer', 'Colombo', '$2b$10$5/XIGqrE7IB526/wY1vw8O3yJuLSVp2TwArNaO7JawVnB2QznB0sC'),
        (41, 'glenanderson-ryan754', 'Glen Anderson-Ryan', '767 Stiedemann Underpass', '(344) 344-9046', 'Retailer', 'Anuradhapura', '$2b$10$8RWjBs9ZNkM5z6LleNSazuTke/ZIRWfG3bxAD7qWdDh4G87BuwLZC'),
        (42, 'roxannewelch-hintz129', 'Roxanne Welch-Hintz', '9913 Renner Junctions', '(284) 484-4849', 'Retailer', 'Anuradhapura', '$2b$10$IstmEmN/ECFlzKqhIFes7u8/GDyZEhemObUS1W2zUeylj4YNVrTJW'),
        (43, 'clintonsenger353', 'Clinton Senger', '89042 Wilton Springs', '(835) 669-4707', 'Retailer', 'Jaffna', '$2b$10$YsLVBX6GnY3dFch2K0TrPe0RMX0RviKEx3fru27ZX7SQV.xbeP9o6'),
        (44, 'mrs.mabelquitzon599', 'Mrs. Mabel Quitzon', '846 Reta Circles', '(615) 691-9971', 'Retailer', 'Kurunegala', '$2b$10$QkVaALWd65SPH9yjhpF5puNhjsXDsqDZQUQQoKxB1r/xyo0i43IhK'),
        (45, 'terrirath439', 'Terri Rath', '61004 Frank Crest', '(396) 238-8464', 'Retailer', 'Badulla', '$2b$10$lqy7akt1sfiJxIJHQKwKGeE7s6KiX4vYqGnAxlpHW.tW/K6dIVNFO'),
        (46, 'sidneyveum277', 'Sidney Veum', '56014 Rita Landing', '(886) 632-1388', 'Retailer', 'Jaffna', '$2b$10$W8m8UQ4x1nJDEfwFVfvdWu2YHgnmPzD1XGnToZbRl08QQeZfwdo0.'),
        (47, 'florenceschiller0', 'Florence Schiller', '224 Torp Shore', '(683) 612-7561', 'End', 'Galle', '$2b$10$FnoF0VSHLOtBdWO4l1YiWuXOWlhisRqxG9VhdATKASZcFmepgzdVu'),
        (48, 'mablekoelpin821', 'Mable Koelpin', '3467 Rylan Springs', '(523) 737-7189', 'End', 'Badulla', '$2b$10$uAcqnc17idEaSgnvjfnXC.y6caqeKkwixe2H5.J0XlOnZ1vWs6Usq'),
        (49, 'gregorykovacek9', 'Gregory Kovacek', '7746 Lawrence Street', '(452) 408-0573', 'End', 'Kurunegala', '$2b$10$4EPmfCv/oKn9sEYFlZiaF.cizRv4h/8baEv6wsIMWI.LnJt.g12ke'),
        (50, 'jaimeblanda548', 'Jaime Blanda', '460 Chestnut Drive', '(981) 261-2664', 'End', 'Colombo', '$2b$10$bCfcA6TkyR0AdP0CxPFrnOxEVJ.JxUJI7j3s4BUR0.KHasoCmyqPi');


insert into scms.train (TrainID, FullCapacity, StoreID, Time, Day)
values  (1, 818.86, 7, '22:22:21', 'Sunday'),
        (2, 381.12, 7, '12:55:56', 'Thursday'),
        (3, 392.68, 1, '10:20:55', 'Tuesday'),
        (4, 146.03, 7, '13:33:41', 'Wednesday'),
        (5, 481.92, 1, '10:59:35', 'Thursday'),
        (6, 826.33, 6, '21:27:53', 'Sunday'),
        (7, 565.00, 5, '14:58:52', 'Friday'),
        (8, 920.70, 7, '11:46:45', 'Tuesday'),
        (9, 502.43, 7, '08:35:30', 'Wednesday'),
        (10, 693.53, 2, '11:29:11', 'Saturday'),
        (11, 969.68, 5, '11:32:29', 'Thursday'),
        (12, 832.11, 1, '04:23:49', 'Wednesday'),
        (13, 177.21, 4, '16:29:03', 'Thursday'),
        (14, 905.48, 4, '05:22:00', 'Tuesday'),
        (15, 941.98, 1, '11:14:41', 'Sunday'),
        (16, 922.29, 7, '19:23:01', 'Monday'),
        (17, 277.36, 1, '11:15:55', 'Saturday'),
        (18, 306.72, 7, '11:44:21', 'Thursday'),
        (19, 262.87, 5, '22:33:17', 'Wednesday'),
        (20, 157.51, 2, '20:03:04', 'Tuesday'),
        (21, 847.43, 1, '04:23:47', 'Saturday'),
        (22, 17.18, 4, '21:17:16', 'Thursday'),
        (23, 338.03, 1, '13:11:43', 'Sunday'),
        (24, 426.65, 7, '17:54:09', 'Friday'),
        (25, 432.54, 3, '06:33:37', 'Sunday'),
        (26, 820.04, 7, '02:18:46', 'Thursday'),
        (27, 680.42, 4, '13:30:32', 'Tuesday'),
        (28, 934.75, 3, '12:21:40', 'Saturday'),
        (29, 383.57, 2, '20:39:28', 'Thursday'),
        (30, 664.49, 1, '23:24:32', 'Sunday'),
        (31, 909.67, 2, '13:15:10', 'Monday'),
        (32, 751.49, 6, '02:17:09', 'Monday'),
        (33, 569.26, 6, '20:09:59', 'Sunday'),
        (34, 168.53, 6, '22:10:34', 'Thursday'),
        (35, 87.12, 2, '07:27:44', 'Saturday'),
        (36, 877.34, 6, '03:24:11', 'Saturday'),
        (37, 151.56, 5, '08:55:21', 'Sunday'),
        (38, 878.22, 1, '05:02:41', 'Friday'),
        (39, 791.06, 2, '10:09:15', 'Tuesday'),
        (40, 887.46, 3, '14:44:56', 'Tuesday'),
        (41, 582.55, 7, '07:09:52', 'Sunday'),
        (42, 385.93, 6, '17:11:49', 'Friday'),
        (43, 484.39, 2, '22:16:06', 'Wednesday'),
        (44, 688.37, 4, '23:34:53', 'Thursday'),
        (45, 258.81, 7, '10:47:36', 'Wednesday'),
        (46, 189.36, 4, '19:45:27', 'Thursday'),
        (47, 474.23, 3, '15:57:46', 'Wednesday'),
        (48, 766.53, 2, '23:18:13', 'Wednesday'),
        (49, 743.51, 7, '00:00:48', 'Thursday'),
        (50, 306.24, 1, '16:39:44', 'Friday');


insert into scms.route (RouteID, Time_duration, Description, StoreID, Distance)
values  (1, '04:40:41', 'Cubicularis complectus crebro summisse uterque.', 1, 31.01),
        (2, '10:29:38', 'Ultio hic usus crur candidus thalassinus iure.', 1, 52.14),
        (3, '08:06:25', 'Eius ullam provident defetiscor averto cena adiuvo.', 2, 46.23),
        (4, '06:00:21', 'Patruus tantum absorbeo audacia aurum coma nam assumenda sint creo.', 2, 76.53),
        (5, '06:15:09', 'Vito crapula texo tonsor spiritus appositus ipsum animi coepi.', 2, 79.25),
        (6, '02:48:29', 'Commodi asporto tamdiu eos.', 2, 63.85),
        (7, '05:46:19', 'Excepturi adhaero at vitae aveho.', 2, 81.53),
        (8, '02:56:11', 'Cubicularis volubilis pel taceo vae conqueror.', 3, 92.77),
        (9, '07:04:41', 'Tondeo suppellex beatus.', 3, 83.77),
        (10, '05:55:30', 'Cunae vigilo dolor vitiosus exercitationem aestus coniecto est.', 3, 42.46),
        (11, '05:49:16', 'Adipiscor crepusculum vulgaris cursim repellendus.', 3, 60.26),
        (12, '03:13:57', 'Bibo vester utpote.', 3, 97.41),
        (13, '06:39:00', 'Explicabo attero texo auditor solvo vapulus amor laborum tenax amita.', 4, 54.74),
        (14, '09:36:08', 'Suscipio cernuus crustulum conitor corporis suspendo pecco angelus.', 4, 78.30),
        (15, '08:37:03', 'Comprehendo trans tricesimus agnosco caries provident aufero dolor aspicio cupressus.', 4, 66.12),
        (16, '09:54:45', 'Conicio dedico vilitas acidus suppellex.', 4, 73.24),
        (17, '08:52:29', 'Neque tactus ut baiulus cresco adfero cras.', 4, 54.20),
        (18, '06:40:44', 'Cerno curis currus.', 5, 39.99),
        (19, '06:53:53', 'Vestigium cogito venia tabgo deorsum argumentum terra aut.', 5, 38.18),
        (20, '07:57:59', 'Curis conitor deficio venia stella condico tactus.', 5, 51.25),
        (21, '10:28:31', 'Tenax aedificium xiphias expedita ait thesaurus viridis tenuis vos.', 5, 36.57),
        (22, '07:00:14', 'Confugo ambitus ad sequi.', 6, 59.58),
        (23, '02:25:52', 'Addo tenuis excepturi.', 6, 58.82),
        (24, '03:25:11', 'Votum maxime vinitor curia demonstro suasoria optio denique timor cursim.', 6, 35.69),
        (25, '04:16:07', 'Conculco adipisci creator magni dicta tergum ipsum coerceo apto.', 6, 95.19),
        (26, '08:38:58', 'Timidus vilitas corpus considero reprehenderit.', 7, 43.93),
        (27, '02:53:33', 'Cervus aspicio tamdiu crudelis aiunt aro.', 7, 32.06);


insert into scms.order (OrderID, CustomerID, Value, OrderDate, DeliveryDate, RouteID, TotalVolume)
values  (1, 21, 24658.40, '2024-08-26', '2024-09-08', 18, 41.76),
        (2, 4, 75379.82, '2024-08-27', '2024-09-13', 11, 215.99),
        (3, 3, 39229.57, '2024-08-28', '2024-09-17', 18, 71.72),
        (4, 12, 39740.49, '2024-08-28', '2024-09-09', 23, 43.16),
        (5, 29, 61212.48, '2024-08-28', '2024-09-15', 20, 130.50),
        (6, 3, 32866.66, '2024-08-29', '2024-09-12', 3, 106.51),
        (7, 41, 33487.02, '2024-08-30', '2024-09-15', 27, 42.59),
        (8, 48, 11233.35, '2024-08-31', '2024-09-12', 27, 6.96),
        (9, 32, 43817.51, '2024-09-01', '2024-09-14', 17, 65.07),
        (10, 2, 27014.78, '2024-09-01', '2024-09-18', 10, 53.67),
        (11, 46, 34130.46, '2024-09-02', '2024-09-22', 17, 60.77),
        (12, 4, 29996.55, '2024-09-02', '2024-09-15', 17, 61.27),
        (13, 8, 36913.25, '2024-09-03', '2024-09-15', 13, 52.93),
        (14, 35, 3705.69, '2024-09-03', '2024-09-22', 20, 15.03),
        (15, 10, 1631.06, '2024-09-04', '2024-09-17', 10, 15.24),
        (16, 44, 26965.82, '2024-09-04', '2024-09-18', 21, 46.00),
        (17, 21, 29697.48, '2024-09-04', '2024-09-19', 14, 24.55),
        (18, 36, 25453.26, '2024-09-05', '2024-09-18', 25, 23.42),
        (19, 20, 35849.40, '2024-09-06', '2024-09-20', 15, 64.10),
        (20, 36, 15186.92, '2024-09-06', '2024-09-20', 2, 57.46),
        (21, 16, 43744.49, '2024-09-07', '2024-09-22', 26, 15.43),
        (22, 32, 65528.40, '2024-09-07', '2024-09-20', 19, 85.13),
        (23, 1, 30100.80, '2024-09-07', '2024-09-23', 2, 49.14),
        (24, 7, 12528.06, '2024-09-08', '2024-09-24', 23, 42.79),
        (25, 41, 12443.70, '2024-09-09', '2024-09-25', 4, 16.71),
        (26, 5, 21689.40, '2024-09-09', '2024-09-29', 17, 56.08),
        (27, 24, 31429.23, '2024-09-10', '2024-09-30', 16, 69.24),
        (28, 42, 42623.70, '2024-09-10', '2024-09-23', 10, 59.23),
        (29, 35, 1148.20, '2024-09-10', '2024-09-22', 21, 46.56),
        (30, 30, 29760.87, '2024-09-11', '2024-09-28', 20, 57.49),
        (31, 13, 19577.96, '2024-09-11', '2024-09-25', 9, 14.47),
        (32, 30, 65888.97, '2024-09-12', '2024-10-01', 25, 68.60),
        (33, 23, 72278.42, '2024-09-13', '2024-09-29', 20, 61.68),
        (34, 41, 11493.96, '2024-09-13', '2024-09-25', 7, 35.97),
        (35, 5, 19408.78, '2024-09-14', '2024-10-01', 9, 81.96),
        (36, 34, 39941.97, '2024-09-14', '2024-10-02', 13, 78.75),
        (37, 23, 16965.28, '2024-09-15', '2024-10-02', 26, 25.78),
        (38, 19, 37113.70, '2024-09-16', '2024-09-29', 19, 77.53),
        (39, 21, 35232.29, '2024-09-17', '2024-10-06', 6, 114.58),
        (40, 13, 30058.27, '2024-09-17', '2024-10-01', 5, 94.61),
        (41, 48, 49685.07, '2024-09-17', '2024-10-02', 10, 60.81),
        (42, 6, 47585.84, '2024-09-18', '2024-10-04', 24, 49.90),
        (43, 42, 16538.40, '2024-09-18', '2024-10-02', 21, 11.92),
        (44, 23, 7020.62, '2024-09-19', '2024-10-01', 7, 33.31),
        (45, 17, 3499.32, '2024-09-19', '2024-10-07', 21, 0.63),
        (46, 31, 64441.61, '2024-09-20', '2024-10-08', 23, 70.07),
        (47, 9, 20673.00, '2024-09-20', '2024-10-10', 6, 14.90),
        (48, 21, 28688.57, '2024-09-20', '2024-10-07', 2, 56.38),
        (49, 47, 32305.53, '2024-09-21', '2024-10-09', 17, 44.26),
        (50, 39, 42961.39, '2024-09-21', '2024-10-03', 24, 128.31),
        (51, 1, 12436.24, '2024-09-22', '2024-10-06', 1, 30.94),
        (52, 38, 23544.71, '2024-09-22', '2024-10-12', 22, 61.51),
        (53, 20, 36851.41, '2024-09-23', '2024-10-08', 17, 42.50),
        (54, 32, 26043.31, '2024-09-23', '2024-10-10', 15, 28.71),
        (55, 47, 8131.21, '2024-09-23', '2024-10-11', 11, 17.49),
        (56, 31, 20125.15, '2024-09-24', '2024-10-12', 26, 46.37),
        (57, 14, 85909.19, '2024-09-24', '2024-10-14', 19, 148.41),
        (58, 10, 6794.61, '2024-09-24', '2024-10-07', 5, 32.51),
        (59, 45, 23358.99, '2024-09-25', '2024-10-11', 25, 43.25),
        (60, 17, 13791.61, '2024-10-16', null, 21, 43.32),
        (61, 15, 4818.00, '2024-10-16', null, 26, 19.88),
        (62, 14, 32280.39, '2024-10-16', null, 1, 103.89),
        (63, 48, 10771.48, '2024-10-16', null, 12, 43.37),
        (64, 21, 78905.16, '2024-10-16', null, 14, 148.47),
        (65, 5, 43105.50, '2024-10-16', null, 14, 103.67),
        (66, 50, 6819.32, '2024-10-16', null, 22, 4.00),
        (67, 15, 14117.95, '2024-10-16', null, 22, 35.13),
        (68, 8, 15200.37, '2024-10-16', null, 19, 23.60),
        (69, 43, 923.23, '2024-10-16', null, 25, 7.83),
        (70, 9, 33412.85, '2024-10-16', null, 10, 79.67),
        (71, 9, 6826.17, '2024-10-16', null, 25, 10.73);


insert into scms.product (ProductID, Name, TrainCapacityConsumption, Price, Type)
values  (1, 'Small Bronze Fish', 6.32, 1382.56, 'Clothes'),
        (2, 'Licensed Cotton Pizza', 3.24, 589.34, 'Clothes'),
        (3, 'Practical Metal Cheese', 3.46, 3698.66, 'Clothes'),
        (4, 'Unbranded Rubber Bike', 4.38, 3277.32, 'Clothes'),
        (5, 'Unbranded Concrete Chair', 4.57, 367.53, 'Clothes'),
        (6, 'Gorgeous Metal Shirt', 0.71, 4755.63, 'Clothes'),
        (7, 'Recycled Fresh Table', 6.45, 2472.72, 'Clothes'),
        (8, 'Tasty Frozen Car', 0.09, 628.38, 'Clothes'),
        (9, 'Recycled Frozen Table', 7.79, 3667.88, 'Clothes'),
        (10, 'Bespoke Bronze Car', 2.61, 1456.71, 'Clothes'),
        (11, 'Intelligent Bronze Mouse', 9.48, 485.72, 'Clothes'),
        (12, 'Sleek Plastic Gloves', 8.36, 459.67, 'Clothes'),
        (13, 'Elegant Granite Chips', 6.10, 637.84, 'Clothes'),
        (14, 'Handmade Granite Pants', 7.23, 1917.62, 'Clothes'),
        (15, 'Fantastic Concrete Chips', 8.38, 2711.40, 'Clothes'),
        (16, 'Intelligent Fresh Chair', 3.12, 2093.75, 'Clothes'),
        (17, 'Rustic Soft Car', 1.23, 3492.87, 'Clothes'),
        (18, 'Generic Cotton Shoes', 9.39, 3915.66, 'Clothes'),
        (19, 'Fantastic Cotton Tuna', 2.17, 4516.78, 'Clothes'),
        (20, 'Rustic Plastic Fish', 4.39, 3294.53, 'Clothes'),
        (21, 'Intelligent Concrete Shirt', 0.57, 3459.59, 'Clothes'),
        (22, 'Handcrafted Rubber Tuna', 2.24, 3065.22, 'Clothes'),
        (23, 'Licensed Steel Hat', 9.86, 3025.03, 'Clothes'),
        (24, 'Electronic Bronze Hat', 5.46, 4879.53, 'Clothes'),
        (25, 'Practical Cotton Shoes', 2.02, 1089.25, 'Clothes'),
        (26, 'Oriental Steel Hat', 2.79, 4100.48, 'Clothes'),
        (27, 'Gorgeous Steel Table', 9.37, 1078.58, 'Clothes'),
        (28, 'Ergonomic Plastic Hat', 5.08, 2140.00, 'Clothes'),
        (29, 'Incredible Granite Gloves', 5.00, 3137.66, 'Clothes'),
        (30, 'Refined Concrete Pizza', 6.48, 2384.87, 'Clothes'),
        (31, 'Practical Granite Tuna', 1.39, 171.04, 'Clothes'),
        (32, 'Sleek Granite Chips', 3.31, 4847.02, 'Clothes'),
        (33, 'Fantastic Cotton Chicken', 1.21, 1610.56, 'Clothes'),
        (34, 'Fantastic Steel Soap', 0.63, 3499.32, 'Clothes'),
        (35, 'Ergonomic Plastic Keyboard', 3.11, 4620.17, 'Clothes'),
        (36, 'Fantastic Soft Shoes', 5.85, 1449.65, 'Clothes'),
        (37, 'Electronic Concrete Bike', 1.00, 1761.33, 'Clothes'),
        (38, 'Handmade Bronze Tuna', 1.36, 4819.38, 'Clothes'),
        (39, 'Ergonomic Wooden Sausages', 9.78, 4150.95, 'Clothes'),
        (40, 'Licensed Metal Pants', 1.92, 4384.12, 'Clothes'),
        (41, 'Luxurious Soft Soap', 2.74, 2880.59, 'Clothes'),
        (42, 'Tasty Metal Bacon', 0.10, 3650.77, 'Clothes'),
        (43, 'Luxurious Plastic Shirt', 0.69, 2999.93, 'Clothes'),
        (44, 'Ergonomic Metal Shirt', 6.50, 1724.74, 'Clothes'),
        (45, 'Sleek Bronze Tuna', 2.73, 1299.79, 'Clothes'),
        (46, 'Fantastic Bronze Bike', 0.91, 4046.54, 'Clothes'),
        (47, 'Bespoke Cotton Chips', 0.89, 2126.44, 'Clothes'),
        (48, 'Luxurious Concrete Bacon', 3.70, 2899.97, 'Clothes'),
        (49, 'Modern Granite Pizza', 3.38, 4264.77, 'Clothes'),
        (50, 'Modern Plastic Sausages', 4.93, 3519.19, 'Clothes'),
        (51, 'Refined Frozen Computer', 7.85, 558.43, 'Clothes'),
        (52, 'Intelligent Wooden Chips', 7.51, 4138.50, 'Clothes'),
        (53, 'Ergonomic Metal Chicken', 6.61, 552.02, 'Clothes'),
        (54, 'Generic Plastic Chips', 4.26, 112.57, 'Clothes'),
        (55, 'Modern Soft Sausages', 0.02, 2159.45, 'Clothes'),
        (56, 'Luxurious Soft Chair', 4.79, 1038.50, 'Clothes'),
        (57, 'Handcrafted Steel Mouse', 3.21, 687.77, 'Clothes'),
        (58, 'Ergonomic Rubber Soap', 8.80, 785.35, 'Clothes'),
        (59, 'Incredible Metal Chair', 8.13, 1027.34, 'Clothes'),
        (60, 'Rustic Soft Bacon', 5.85, 1216.20, 'Clothes'),
        (61, 'Recycled Soft Mouse', 5.85, 3467.04, 'Clothes'),
        (62, 'Handmade Granite Towels', 7.58, 774.78, 'Clothes'),
        (63, 'Tasty Metal Towels', 6.33, 2624.76, 'Clothes'),
        (64, 'Luxurious Granite Chicken', 6.78, 1537.11, 'Clothes'),
        (65, 'Licensed Frozen Car', 7.62, 815.53, 'Clothes'),
        (66, 'Intelligent Wooden Ball', 4.72, 3681.16, 'Clothes'),
        (67, 'Licensed Plastic Sausages', 2.61, 1594.37, 'Clothes'),
        (68, 'Bespoke Soft Towels', 6.80, 2567.92, 'Clothes'),
        (69, 'Generic Granite Salad', 9.82, 3922.03, 'Clothes'),
        (70, 'Handcrafted Granite Towels', 8.38, 656.16, 'Clothes'),
        (71, 'Generic Granite Hat', 4.74, 1424.87, 'Groceries'),
        (72, 'Generic Cotton Hat', 9.05, 329.01, 'Groceries'),
        (73, 'Incredible Metal Sausages', 0.90, 1604.44, 'Groceries'),
        (74, 'Handcrafted Granite Sausages', 4.68, 823.52, 'Groceries'),
        (75, 'Recycled Cotton Tuna', 6.70, 1955.92, 'Groceries'),
        (76, 'Bespoke Concrete Mouse', 5.57, 4911.44, 'Groceries'),
        (77, 'Intelligent Concrete Chicken', 6.07, 2274.83, 'Groceries'),
        (78, 'Luxurious Steel Bacon', 4.83, 2149.13, 'Groceries'),
        (79, 'Gorgeous Cotton Bike', 3.26, 4476.90, 'Groceries'),
        (80, 'Elegant Fresh Keyboard', 7.27, 1441.84, 'Groceries'),
        (81, 'Unbranded Rubber Towels', 9.34, 1641.70, 'Groceries'),
        (82, 'Small Cotton Soap', 2.74, 2903.91, 'Groceries'),
        (83, 'Generic Frozen Ball', 0.75, 4819.54, 'Groceries'),
        (84, 'Bespoke Bronze Chicken', 5.52, 115.60, 'Groceries'),
        (85, 'Small Metal Table', 8.04, 2881.13, 'Groceries'),
        (86, 'Recycled Soft Sausages', 2.60, 1396.84, 'Groceries'),
        (87, 'Modern Frozen Car', 6.43, 2791.46, 'Groceries'),
        (88, 'Awesome Metal Car', 1.64, 3105.00, 'Groceries'),
        (89, 'Handcrafted Concrete Pants', 0.09, 3315.39, 'Groceries'),
        (90, 'Ergonomic Metal Chips', 4.68, 2990.51, 'Groceries'),
        (91, 'Luxurious Wooden Hat', 5.67, 2467.93, 'Groceries'),
        (92, 'Licensed Cotton Keyboard', 8.99, 1553.96, 'Groceries'),
        (93, 'Handcrafted Rubber Hat', 1.92, 721.70, 'Groceries'),
        (94, 'Unbranded Cotton Table', 9.29, 4785.13, 'Groceries'),
        (95, 'Gorgeous Fresh Gloves', 5.69, 3325.89, 'Groceries'),
        (96, 'Recycled Wooden Keyboard', 2.40, 4753.34, 'Groceries'),
        (97, 'Incredible Rubber Tuna', 0.23, 3676.75, 'Groceries'),
        (98, 'Sleek Cotton Towels', 1.40, 4641.67, 'Groceries'),
        (99, 'Refined Soft Soap', 5.95, 2761.36, 'Groceries'),
        (100, 'Bespoke Bronze Chips', 7.48, 1161.77, 'Groceries'),
        (101, 'Gorgeous Concrete Towels', 1.21, 3300.68, 'Groceries'),
        (102, 'Sleek Wooden Computer', 8.34, 2318.96, 'Groceries'),
        (103, 'Incredible Wooden Chicken', 0.98, 2994.84, 'Groceries'),
        (104, 'Small Concrete Chips', 2.50, 2089.40, 'Groceries'),
        (105, 'Generic Steel Bike', 2.65, 4246.68, 'Groceries'),
        (106, 'Unbranded Frozen Chair', 4.43, 323.21, 'Groceries'),
        (107, 'Handmade Wooden Soap', 3.39, 3973.89, 'Groceries'),
        (108, 'Intelligent Steel Chair', 7.77, 1423.31, 'Groceries'),
        (109, 'Electronic Steel Pizza', 8.23, 1693.14, 'Groceries'),
        (110, 'Licensed Fresh Keyboard', 5.55, 2896.58, 'Groceries'),
        (111, 'Oriental Frozen Car', 9.40, 717.06, 'Groceries'),
        (112, 'Awesome Frozen Chicken', 6.16, 1876.35, 'Groceries'),
        (113, 'Bespoke Rubber Soap', 9.44, 1346.19, 'Groceries'),
        (114, 'Electronic Granite Chicken', 5.61, 1552.30, 'Groceries'),
        (115, 'Elegant Concrete Shoes', 1.98, 2854.00, 'Groceries'),
        (116, 'Awesome Granite Sausages', 8.58, 2273.84, 'Groceries'),
        (117, 'Generic Cotton Chicken', 7.54, 715.74, 'Groceries'),
        (118, 'Small Concrete Shoes', 3.36, 1521.38, 'Groceries'),
        (119, 'Tasty Metal Tuna', 9.15, 1921.12, 'Groceries'),
        (120, 'Handcrafted Fresh Chicken', 7.83, 923.23, 'Groceries'),
        (121, 'Sleek Granite Computer', 5.29, 3314.87, 'Groceries'),
        (122, 'Ergonomic Rubber Bike', 0.32, 2493.14, 'Groceries'),
        (123, 'Gorgeous Bronze Table', 0.81, 775.18, 'Groceries'),
        (124, 'Handcrafted Soft Bike', 8.12, 393.53, 'Groceries'),
        (125, 'Fantastic Frozen Car', 8.72, 4135.00, 'Groceries'),
        (126, 'Licensed Steel Pizza', 9.82, 1175.22, 'Groceries'),
        (127, 'Recycled Rubber Computer', 2.57, 2583.69, 'Groceries'),
        (128, 'Generic Plastic Mouse', 1.05, 335.77, 'Groceries'),
        (129, 'Handcrafted Plastic Bike', 4.89, 1415.75, 'Groceries'),
        (130, 'Rustic Frozen Bike', 1.96, 1078.63, 'Groceries'),
        (131, 'Practical Concrete Bike', 2.32, 3744.45, 'Groceries'),
        (132, 'Refined Bronze Mouse', 2.80, 735.93, 'Groceries'),
        (133, 'Small Cotton Soap', 0.18, 630.68, 'Groceries'),
        (134, 'Handmade Cotton Mouse', 6.03, 582.99, 'Groceries'),
        (135, 'Incredible Concrete Pants', 0.23, 2206.62, 'Groceries'),
        (136, 'Luxurious Granite Chair', 9.19, 2416.76, 'Groceries'),
        (137, 'Licensed Soft Ball', 8.45, 4022.09, 'Groceries'),
        (138, 'Intelligent Granite Table', 0.60, 697.41, 'Groceries'),
        (139, 'Handmade Wooden Towels', 6.50, 2687.98, 'Groceries'),
        (140, 'Luxurious Soft Fish', 8.51, 2029.64, 'Groceries'),
        (141, 'Tasty Soft Soap', 0.87, 131.60, 'Electronics'),
        (142, 'Rustic Cotton Soap', 0.05, 3060.67, 'Electronics'),
        (143, 'Generic Fresh Tuna', 7.69, 3244.32, 'Electronics'),
        (144, 'Ergonomic Cotton Ball', 4.97, 1204.50, 'Electronics'),
        (145, 'Intelligent Rubber Towels', 7.77, 548.16, 'Electronics'),
        (146, 'Modern Fresh Chicken', 3.60, 4178.68, 'Electronics'),
        (147, 'Modern Rubber Keyboard', 3.09, 1513.50, 'Electronics'),
        (148, 'Handmade Frozen Mouse', 3.31, 3229.21, 'Electronics'),
        (149, 'Awesome Bronze Cheese', 4.72, 2340.99, 'Electronics'),
        (150, 'Intelligent Rubber Car', 1.92, 3379.32, 'Electronics'),
        (151, 'Bespoke Concrete Hat', 2.11, 3189.20, 'Electronics'),
        (152, 'Refined Bronze Chair', 4.44, 1906.39, 'Electronics'),
        (153, 'Small Bronze Cheese', 5.62, 1574.48, 'Electronics'),
        (154, 'Recycled Fresh Pants', 9.20, 4208.68, 'Electronics'),
        (155, 'Elegant Metal Cheese', 3.30, 3246.31, 'Electronics'),
        (156, 'Sleek Plastic Gloves', 7.08, 4171.59, 'Electronics'),
        (157, 'Incredible Plastic Ball', 4.93, 2417.14, 'Electronics'),
        (158, 'Intelligent Metal Tuna', 0.12, 4513.55, 'Electronics'),
        (159, 'Luxurious Metal Soap', 5.73, 1406.32, 'Electronics'),
        (160, 'Luxurious Rubber Towels', 5.53, 1014.75, 'Electronics'),
        (161, 'Rustic Frozen Sausages', 4.21, 2239.80, 'Electronics'),
        (162, 'Modern Steel Pants', 3.66, 3359.41, 'Electronics'),
        (163, 'Luxurious Bronze Mouse', 3.86, 737.05, 'Electronics'),
        (164, 'Licensed Cotton Computer', 9.43, 4546.37, 'Electronics'),
        (165, 'Unbranded Rubber Hat', 0.70, 4619.22, 'Electronics'),
        (166, 'Modern Plastic Car', 5.76, 3493.02, 'Electronics'),
        (167, 'Handmade Steel Chips', 0.59, 4626.71, 'Electronics'),
        (168, 'Practical Concrete Computer', 6.76, 2818.87, 'Electronics'),
        (169, 'Tasty Concrete Sausages', 3.87, 4085.18, 'Electronics'),
        (170, 'Recycled Cotton Bike', 0.67, 2903.94, 'Electronics'),
        (171, 'Elegant Granite Fish', 4.29, 1425.93, 'Electronics'),
        (172, 'Handmade Rubber Chicken', 1.96, 595.43, 'Electronics'),
        (173, 'Intelligent Frozen Car', 8.68, 1062.79, 'Electronics'),
        (174, 'Rustic Rubber Pizza', 1.67, 317.73, 'Electronics'),
        (175, 'Tasty Metal Sausages', 1.00, 2633.47, 'Electronics'),
        (176, 'Gorgeous Soft Fish', 9.32, 225.43, 'Electronics'),
        (177, 'Electronic Plastic Chips', 7.92, 1641.91, 'Electronics'),
        (178, 'Unbranded Fresh Chair', 1.67, 2260.17, 'Electronics'),
        (179, 'Ergonomic Wooden Salad', 8.02, 2846.87, 'Electronics'),
        (180, 'Incredible Soft Sausages', 6.31, 1050.16, 'Electronics'),
        (181, 'Oriental Fresh Cheese', 0.57, 2087.28, 'Electronics'),
        (182, 'Elegant Metal Pants', 8.55, 4802.71, 'Electronics'),
        (183, 'Modern Concrete Gloves', 4.59, 4371.09, 'Electronics'),
        (184, 'Electronic Concrete Chips', 0.22, 3070.66, 'Electronics'),
        (185, 'Handcrafted Soft Pizza', 8.45, 1388.05, 'Electronics'),
        (186, 'Rustic Bronze Mouse', 3.60, 4145.04, 'Electronics'),
        (187, 'Handcrafted Concrete Pizza', 3.56, 3741.02, 'Electronics'),
        (188, 'Fantastic Granite Hat', 6.79, 252.39, 'Electronics'),
        (189, 'Rustic Wooden Table', 7.17, 1865.45, 'Electronics'),
        (190, 'Tasty Frozen Gloves', 7.82, 4228.97, 'Electronics'),
        (191, 'Incredible Fresh Car', 3.57, 1452.67, 'Electronics'),
        (192, 'Awesome Bronze Computer', 5.69, 4482.73, 'Electronics'),
        (193, 'Awesome Soft Pizza', 9.21, 1501.24, 'Electronics'),
        (194, 'Generic Plastic Soap', 8.31, 1620.30, 'Electronics'),
        (195, 'Oriental Granite Keyboard', 2.52, 2975.29, 'Electronics'),
        (196, 'Intelligent Cotton Soap', 2.21, 2230.23, 'Electronics'),
        (197, 'Fantastic Rubber Pizza', 1.53, 4649.07, 'Electronics'),
        (198, 'Gorgeous Granite Towels', 4.22, 105.53, 'Electronics'),
        (199, 'Generic Granite Pants', 1.40, 4381.82, 'Electronics'),
        (200, 'Licensed Steel Fish', 4.67, 3149.70, 'Electronics'),
        (201, 'Recycled Steel Pizza', 9.36, 1094.52, 'Electronics'),
        (202, 'Handmade Bronze Table', 5.20, 4760.94, 'Electronics'),
        (203, 'Modern Bronze Chair', 5.91, 1028.85, 'Electronics'),
        (204, 'Modern Soft Ball', 1.85, 3130.59, 'Electronics'),
        (205, 'Generic Fresh Table', 7.79, 2628.00, 'Electronics'),
        (206, 'Modern Soft Computer', 7.82, 1693.24, 'Electronics'),
        (207, 'Oriental Fresh Bacon', 6.20, 4303.90, 'Electronics'),
        (208, 'Gorgeous Metal Soap', 7.21, 1541.84, 'Electronics'),
        (209, 'Recycled Cotton Salad', 3.55, 1532.04, 'Electronics'),
        (210, 'Luxurious Metal Pants', 6.66, 1647.24, 'Electronics'),
        (211, 'Modern Plastic Hat', 9.51, 4821.81, 'Cosmetics'),
        (212, 'Unbranded Rubber Towels', 8.22, 4230.06, 'Cosmetics'),
        (213, 'Licensed Frozen Table', 0.37, 2315.23, 'Cosmetics'),
        (214, 'Intelligent Plastic Bike', 6.12, 171.45, 'Cosmetics'),
        (215, 'Practical Steel Gloves', 2.76, 1385.93, 'Cosmetics'),
        (216, 'Generic Cotton Car', 7.69, 1356.97, 'Cosmetics'),
        (217, 'Intelligent Bronze Car', 5.50, 4032.59, 'Cosmetics'),
        (218, 'Awesome Soft Shirt', 7.95, 2832.21, 'Cosmetics'),
        (219, 'Ergonomic Granite Cheese', 9.63, 3279.09, 'Cosmetics'),
        (220, 'Elegant Granite Tuna', 9.14, 1415.62, 'Cosmetics'),
        (221, 'Refined Granite Fish', 5.10, 3019.18, 'Cosmetics'),
        (222, 'Fantastic Metal Car', 1.35, 2478.27, 'Cosmetics'),
        (223, 'Unbranded Granite Chicken', 0.91, 2260.44, 'Cosmetics'),
        (224, 'Elegant Metal Chips', 4.47, 1910.55, 'Cosmetics'),
        (225, 'Awesome Cotton Soap', 1.97, 3521.48, 'Cosmetics'),
        (226, 'Modern Rubber Pants', 4.53, 674.30, 'Cosmetics'),
        (227, 'Ergonomic Steel Bacon', 0.81, 1834.59, 'Cosmetics'),
        (228, 'Elegant Bronze Pants', 0.60, 3150.62, 'Cosmetics'),
        (229, 'Modern Metal Computer', 8.83, 1165.54, 'Cosmetics'),
        (230, 'Handmade Plastic Chips', 5.03, 2548.76, 'Cosmetics'),
        (231, 'Generic Concrete Computer', 1.76, 121.23, 'Cosmetics'),
        (232, 'Recycled Bronze Table', 1.18, 1996.90, 'Cosmetics'),
        (233, 'Awesome Fresh Pants', 1.67, 2078.04, 'Cosmetics'),
        (234, 'Recycled Concrete Pizza', 2.26, 1685.79, 'Cosmetics'),
        (235, 'Recycled Bronze Tuna', 3.81, 1427.25, 'Cosmetics'),
        (236, 'Gorgeous Concrete Bacon', 0.24, 2333.76, 'Cosmetics'),
        (237, 'Fantastic Cotton Pizza', 1.52, 2458.01, 'Cosmetics'),
        (238, 'Unbranded Cotton Gloves', 8.92, 1058.30, 'Cosmetics'),
        (239, 'Refined Bronze Chips', 0.73, 4923.11, 'Cosmetics'),
        (240, 'Practical Bronze Towels', 9.62, 3015.77, 'Cosmetics'),
        (241, 'Bespoke Metal Chicken', 8.90, 2546.83, 'Cosmetics'),
        (242, 'Electronic Concrete Sausages', 7.97, 2918.63, 'Cosmetics'),
        (243, 'Tasty Frozen Keyboard', 6.02, 218.42, 'Cosmetics'),
        (244, 'Awesome Frozen Pizza', 1.02, 606.68, 'Cosmetics'),
        (245, 'Intelligent Soft Hat', 8.98, 197.26, 'Cosmetics'),
        (246, 'Tasty Wooden Pizza', 8.31, 2380.45, 'Cosmetics'),
        (247, 'Ergonomic Frozen Keyboard', 9.93, 2748.90, 'Cosmetics'),
        (248, 'Refined Frozen Tuna', 0.11, 1760.84, 'Cosmetics'),
        (249, 'Tasty Frozen Table', 3.25, 1889.10, 'Cosmetics'),
        (250, 'Incredible Metal Bacon', 9.51, 2894.44, 'Cosmetics'),
        (251, 'Intelligent Granite Keyboard', 1.96, 674.90, 'Cosmetics'),
        (252, 'Recycled Concrete Pizza', 5.13, 3037.18, 'Cosmetics'),
        (253, 'Unbranded Fresh Shoes', 3.52, 2186.53, 'Cosmetics'),
        (254, 'Bespoke Concrete Computer', 2.69, 653.22, 'Cosmetics'),
        (255, 'Refined Plastic Keyboard', 6.78, 3569.06, 'Cosmetics'),
        (256, 'Intelligent Granite Cheese', 4.14, 4509.03, 'Cosmetics'),
        (257, 'Handcrafted Fresh Soap', 6.89, 3219.47, 'Cosmetics'),
        (258, 'Sleek Granite Bike', 5.90, 3151.10, 'Cosmetics'),
        (259, 'Refined Plastic Sausages', 1.33, 1252.52, 'Cosmetics'),
        (260, 'Ergonomic Plastic Computer', 0.39, 3877.72, 'Cosmetics'),
        (261, 'Generic Plastic Soap', 3.79, 2521.52, 'Cosmetics'),
        (262, 'Sleek Fresh Gloves', 0.90, 4600.37, 'Cosmetics'),
        (263, 'Oriental Metal Gloves', 7.14, 3265.81, 'Cosmetics'),
        (264, 'Ergonomic Granite Pizza', 0.14, 1706.95, 'Cosmetics'),
        (265, 'Practical Granite Bike', 7.39, 3201.34, 'Cosmetics'),
        (266, 'Generic Granite Towels', 5.51, 4804.43, 'Cosmetics'),
        (267, 'Intelligent Granite Sausages', 1.98, 4537.64, 'Cosmetics'),
        (268, 'Licensed Cotton Bike', 5.85, 754.45, 'Cosmetics'),
        (269, 'Handmade Fresh Bacon', 7.48, 2895.97, 'Cosmetics'),
        (270, 'Small Cotton Hat', 7.12, 878.20, 'Cosmetics'),
        (271, 'Awesome Steel Cheese', 9.81, 1830.02, 'Cosmetics'),
        (272, 'Recycled Soft Sausages', 2.42, 1528.37, 'Cosmetics'),
        (273, 'Modern Fresh Computer', 2.96, 3021.26, 'Cosmetics'),
        (274, 'Handcrafted Steel Keyboard', 0.13, 2734.14, 'Cosmetics'),
        (275, 'Incredible Plastic Soap', 0.58, 1299.76, 'Cosmetics'),
        (276, 'Handcrafted Plastic Shoes', 4.77, 743.68, 'Cosmetics'),
        (277, 'Awesome Soft Salad', 0.67, 4716.69, 'Cosmetics'),
        (278, 'Tasty Fresh Bacon', 2.81, 2378.24, 'Cosmetics'),
        (279, 'Oriental Granite Bike', 8.46, 2877.01, 'Cosmetics'),
        (280, 'Luxurious Fresh Keyboard', 6.42, 2705.04, 'Cosmetics'),
        (281, 'Awesome Plastic Shirt', 4.14, 3594.62, 'KitchenItems'),
        (282, 'Refined Concrete Car', 7.04, 1851.99, 'KitchenItems'),
        (283, 'Luxurious Metal Shirt', 8.56, 4967.57, 'KitchenItems'),
        (284, 'Incredible Soft Keyboard', 2.61, 3032.30, 'KitchenItems'),
        (285, 'Handmade Plastic Chips', 7.37, 2303.39, 'KitchenItems'),
        (286, 'Gorgeous Rubber Salad', 6.57, 2872.00, 'KitchenItems'),
        (287, 'Practical Bronze Tuna', 8.26, 4623.38, 'KitchenItems'),
        (288, 'Refined Metal Pizza', 4.83, 684.81, 'KitchenItems'),
        (289, 'Oriental Fresh Pizza', 8.62, 3432.08, 'KitchenItems'),
        (290, 'Fantastic Soft Towels', 4.60, 1622.65, 'KitchenItems'),
        (291, 'Handcrafted Plastic Bacon', 4.09, 2814.97, 'KitchenItems'),
        (292, 'Handmade Concrete Salad', 1.30, 1893.35, 'KitchenItems'),
        (293, 'Gorgeous Granite Chair', 2.61, 1623.06, 'KitchenItems'),
        (294, 'Handcrafted Steel Shirt', 0.20, 4510.49, 'KitchenItems'),
        (295, 'Licensed Plastic Bike', 6.20, 2324.25, 'KitchenItems'),
        (296, 'Gorgeous Fresh Soap', 7.81, 1184.34, 'KitchenItems'),
        (297, 'Modern Frozen Table', 4.84, 4977.87, 'KitchenItems'),
        (298, 'Recycled Frozen Mouse', 0.83, 629.87, 'KitchenItems'),
        (299, 'Ergonomic Steel Tuna', 4.78, 2066.15, 'KitchenItems'),
        (300, 'Incredible Soft Shirt', 0.70, 4964.43, 'KitchenItems'),
        (301, 'Refined Plastic Shoes', 4.82, 1414.01, 'KitchenItems'),
        (302, 'Awesome Frozen Cheese', 8.50, 2164.48, 'KitchenItems'),
        (303, 'Sleek Soft Gloves', 3.50, 4591.92, 'KitchenItems'),
        (304, 'Licensed Frozen Mouse', 3.33, 2720.56, 'KitchenItems'),
        (305, 'Rustic Steel Pants', 2.74, 1309.17, 'KitchenItems'),
        (306, 'Sleek Granite Fish', 4.54, 1110.73, 'KitchenItems'),
        (307, 'Refined Soft Car', 4.97, 2966.26, 'KitchenItems'),
        (308, 'Rustic Bronze Mouse', 1.73, 3378.50, 'KitchenItems'),
        (309, 'Handmade Concrete Car', 0.62, 1442.27, 'KitchenItems'),
        (310, 'Modern Metal Chips', 0.32, 3775.30, 'KitchenItems'),
        (311, 'Oriental Metal Computer', 5.02, 4391.05, 'KitchenItems'),
        (312, 'Refined Steel Pizza', 6.58, 4519.52, 'KitchenItems'),
        (313, 'Handcrafted Concrete Pizza', 0.87, 4728.01, 'KitchenItems'),
        (314, 'Practical Fresh Cheese', 3.56, 2714.40, 'KitchenItems'),
        (315, 'Incredible Soft Shirt', 5.53, 4781.57, 'KitchenItems'),
        (316, 'Tasty Fresh Fish', 6.56, 2414.52, 'KitchenItems'),
        (317, 'Luxurious Metal Towels', 9.26, 3077.59, 'KitchenItems'),
        (318, 'Gorgeous Steel Car', 2.79, 2842.14, 'KitchenItems'),
        (319, 'Sleek Frozen Chicken', 6.71, 828.08, 'KitchenItems'),
        (320, 'Electronic Steel Sausages', 3.94, 2283.81, 'KitchenItems'),
        (321, 'Bespoke Steel Fish', 4.14, 2988.27, 'KitchenItems'),
        (322, 'Modern Bronze Ball', 8.09, 3786.02, 'KitchenItems'),
        (323, 'Intelligent Plastic Pants', 4.59, 1215.77, 'KitchenItems'),
        (324, 'Electronic Rubber Soap', 0.18, 4467.92, 'KitchenItems'),
        (325, 'Luxurious Concrete Pizza', 2.11, 2341.46, 'KitchenItems'),
        (326, 'Refined Rubber Keyboard', 4.77, 2612.08, 'KitchenItems'),
        (327, 'Ergonomic Rubber Pizza', 6.39, 3571.79, 'KitchenItems'),
        (328, 'Rustic Steel Gloves', 6.18, 2931.43, 'KitchenItems'),
        (329, 'Elegant Concrete Car', 6.60, 3894.64, 'KitchenItems'),
        (330, 'Fantastic Granite Pants', 1.21, 731.88, 'KitchenItems'),
        (331, 'Elegant Wooden Cheese', 7.44, 2624.21, 'KitchenItems'),
        (332, 'Practical Wooden Chips', 1.54, 2873.93, 'KitchenItems'),
        (333, 'Luxurious Granite Hat', 5.32, 4956.78, 'KitchenItems'),
        (334, 'Handcrafted Concrete Towels', 7.94, 1634.36, 'KitchenItems'),
        (335, 'Refined Cotton Ball', 5.93, 677.10, 'KitchenItems'),
        (336, 'Modern Concrete Car', 9.97, 4361.45, 'KitchenItems'),
        (337, 'Fantastic Soft Salad', 3.06, 1106.24, 'KitchenItems'),
        (338, 'Gorgeous Soft Shirt', 7.98, 2478.89, 'KitchenItems'),
        (339, 'Refined Steel Towels', 1.80, 4623.92, 'KitchenItems'),
        (340, 'Ergonomic Rubber Chicken', 4.26, 2440.19, 'KitchenItems'),
        (341, 'Bespoke Frozen Shirt', 0.48, 348.23, 'KitchenItems'),
        (342, 'Modern Granite Chicken', 7.25, 3913.72, 'KitchenItems'),
        (343, 'Modern Fresh Keyboard', 7.85, 1850.30, 'KitchenItems'),
        (344, 'Sleek Metal Gloves', 9.63, 3964.82, 'KitchenItems'),
        (345, 'Refined Frozen Hat', 7.80, 2220.47, 'KitchenItems'),
        (346, 'Generic Fresh Soap', 5.48, 823.26, 'KitchenItems'),
        (347, 'Luxurious Metal Gloves', 1.51, 2099.58, 'KitchenItems'),
        (348, 'Awesome Wooden Car', 9.42, 1227.47, 'KitchenItems'),
        (349, 'Intelligent Metal Cheese', 2.85, 1630.50, 'KitchenItems'),
        (350, 'Modern Cotton Car', 3.27, 2628.78, 'KitchenItems'),
        (351, 'Luxurious Plastic Soap', 2.27, 4381.64, 'Others'),
        (352, 'Handmade Plastic Cheese', 8.31, 860.67, 'Others'),
        (353, 'Small Cotton Ball', 3.77, 2941.98, 'Others'),
        (354, 'Elegant Soft Bacon', 4.82, 3110.05, 'Others'),
        (355, 'Electronic Plastic Chips', 5.44, 909.39, 'Others'),
        (356, 'Modern Soft Computer', 8.82, 772.66, 'Others'),
        (357, 'Modern Plastic Hat', 3.81, 824.20, 'Others'),
        (358, 'Modern Cotton Car', 1.11, 2015.22, 'Others'),
        (359, 'Small Rubber Soap', 0.30, 4169.39, 'Others'),
        (360, 'Luxurious Bronze Cheese', 3.73, 1172.97, 'Others'),
        (361, 'Recycled Granite Mouse', 8.31, 3411.02, 'Others'),
        (362, 'Handmade Wooden Chicken', 1.97, 3542.81, 'Others'),
        (363, 'Electronic Cotton Ball', 5.66, 3318.60, 'Others'),
        (364, 'Intelligent Granite Pizza', 1.01, 4862.80, 'Others'),
        (365, 'Practical Metal Shoes', 7.73, 3977.99, 'Others'),
        (366, 'Generic Soft Gloves', 7.23, 2234.25, 'Others'),
        (367, 'Handcrafted Bronze Towels', 2.04, 4344.45, 'Others'),
        (368, 'Gorgeous Plastic Chair', 3.30, 480.26, 'Others'),
        (369, 'Small Rubber Sausages', 3.90, 1528.84, 'Others'),
        (370, 'Generic Metal Computer', 7.57, 3791.82, 'Others'),
        (371, 'Refined Frozen Bacon', 5.61, 351.73, 'Others'),
        (372, 'Incredible Metal Chair', 1.49, 3007.75, 'Others'),
        (373, 'Incredible Metal Sausages', 9.25, 4421.41, 'Others'),
        (374, 'Small Granite Keyboard', 9.11, 3483.27, 'Others'),
        (375, 'Handcrafted Rubber Car', 6.54, 4911.07, 'Others'),
        (376, 'Generic Steel Tuna', 0.01, 1727.19, 'Others'),
        (377, 'Handmade Bronze Shirt', 7.25, 2136.00, 'Others'),
        (378, 'Modern Wooden Pants', 0.30, 1025.59, 'Others'),
        (379, 'Rustic Fresh Cheese', 1.94, 4512.75, 'Others'),
        (380, 'Luxurious Steel Fish', 2.98, 4134.60, 'Others'),
        (381, 'Handmade Frozen Shirt', 4.84, 3375.81, 'Others'),
        (382, 'Tasty Bronze Pizza', 8.47, 1438.06, 'Others'),
        (383, 'Fantastic Rubber Chair', 6.06, 1527.53, 'Others'),
        (384, 'Recycled Metal Table', 2.48, 3504.78, 'Others'),
        (385, 'Licensed Cotton Soap', 8.90, 1062.91, 'Others'),
        (386, 'Gorgeous Steel Chair', 4.91, 3970.21, 'Others'),
        (387, 'Refined Bronze Shirt', 9.15, 1322.81, 'Others'),
        (388, 'Practical Granite Bike', 8.14, 1544.93, 'Others'),
        (389, 'Rustic Metal Car', 7.28, 2973.08, 'Others'),
        (390, 'Rustic Wooden Soap', 9.34, 4463.56, 'Others'),
        (391, 'Fantastic Steel Ball', 0.61, 2196.92, 'Others'),
        (392, 'Incredible Plastic Cheese', 2.68, 1845.68, 'Others'),
        (393, 'Ergonomic Steel Hat', 7.96, 2964.49, 'Others'),
        (394, 'Modern Rubber Pizza', 5.36, 3494.37, 'Others'),
        (395, 'Unbranded Plastic Chicken', 6.94, 3397.96, 'Others'),
        (396, 'Tasty Soft Chair', 9.47, 1029.59, 'Others'),
        (397, 'Sleek Fresh Salad', 3.92, 1337.94, 'Others'),
        (398, 'Intelligent Bronze Ball', 0.11, 741.33, 'Others'),
        (399, 'Ergonomic Soft Hat', 6.68, 3940.87, 'Others'),
        (400, 'Incredible Plastic Soap', 7.11, 4795.61, 'Others'),
        (401, 'Handmade Plastic Gloves', 9.06, 1093.93, 'Others'),
        (402, 'Gorgeous Soft Tuna', 5.47, 475.31, 'Others'),
        (403, 'Handmade Cotton Sausages', 6.74, 2289.25, 'Others'),
        (404, 'Unbranded Bronze Sausages', 5.83, 2478.61, 'Others'),
        (405, 'Elegant Concrete Gloves', 9.78, 4314.84, 'Others'),
        (406, 'Generic Metal Computer', 5.79, 4323.55, 'Others'),
        (407, 'Intelligent Wooden Mouse', 3.14, 4876.76, 'Others'),
        (408, 'Luxurious Bronze Cheese', 5.01, 1235.23, 'Others'),
        (409, 'Luxurious Wooden Soap', 2.20, 2933.88, 'Others'),
        (410, 'Intelligent Fresh Bike', 8.29, 4287.72, 'Others'),
        (411, 'Generic Steel Chair', 2.20, 4147.76, 'Others'),
        (412, 'Bespoke Rubber Bacon', 9.30, 2025.03, 'Others'),
        (413, 'Elegant Steel Pants', 9.14, 3498.48, 'Others'),
        (414, 'Intelligent Plastic Shoes', 9.96, 2691.80, 'Others'),
        (415, 'Generic Granite Chair', 0.01, 3169.23, 'Others'),
        (416, 'Practical Cotton Salad', 2.31, 4491.44, 'Others'),
        (417, 'Practical Steel Cheese', 6.26, 4009.40, 'Others'),
        (418, 'Handcrafted Steel Tuna', 9.07, 2021.48, 'Others'),
        (419, 'Ergonomic Soft Shoes', 2.68, 3834.35, 'Others'),
        (420, 'Tasty Metal Shirt', 4.41, 1295.53, 'Others');

insert into scms.order_tracking (OrderID, TimeStamp, Status)
values  (62, '2024-10-16 01:29:10', 'Attention'),
        (65, '2024-10-16 01:30:29', 'Attention'),
        (66, '2024-10-16 01:30:33', 'Attention'),
        (70, '2024-10-16 01:30:37', 'Attention'),
        (2, '2024-09-14 00:55:47', 'Cancelled'),
        (15, '2024-09-18 00:55:47', 'Cancelled'),
        (32, '2024-10-02 00:55:48', 'Cancelled'),
        (37, '2024-10-03 00:55:48', 'Cancelled'),
        (43, '2024-10-03 00:55:48', 'Cancelled'),
        (62, '2024-10-16 01:29:36', 'Cancelled'),
        (65, '2024-10-16 01:31:02', 'Cancelled'),
        (66, '2024-10-16 01:31:05', 'Cancelled'),
        (70, '2024-10-16 01:31:00', 'Cancelled'),
        (1, '2024-09-09 00:55:47', 'Delivered'),
        (3, '2024-09-18 00:55:47', 'Delivered'),
        (4, '2024-09-10 00:55:47', 'Delivered'),
        (5, '2024-09-16 00:55:47', 'Delivered'),
        (6, '2024-09-13 00:55:47', 'Delivered'),
        (7, '2024-09-16 00:55:47', 'Delivered'),
        (9, '2024-09-15 00:55:47', 'Delivered'),
        (10, '2024-09-19 00:55:47', 'Delivered'),
        (11, '2024-09-23 00:55:47', 'Delivered'),
        (13, '2024-09-16 00:55:47', 'Delivered'),
        (14, '2024-09-23 00:55:47', 'Delivered'),
        (16, '2024-09-19 00:55:47', 'Delivered'),
        (17, '2024-09-20 00:55:47', 'Delivered'),
        (18, '2024-09-19 00:55:48', 'Delivered'),
        (19, '2024-09-21 00:55:48', 'Delivered'),
        (20, '2024-09-21 00:55:48', 'Delivered'),
        (21, '2024-09-23 00:55:48', 'Delivered'),
        (22, '2024-09-21 00:55:48', 'Delivered'),
        (23, '2024-09-24 00:55:48', 'Delivered'),
        (24, '2024-09-25 00:55:48', 'Delivered'),
        (25, '2024-09-26 00:55:48', 'Delivered'),
        (26, '2024-09-30 00:55:48', 'Delivered'),
        (27, '2024-10-01 00:55:48', 'Delivered'),
        (28, '2024-09-24 00:55:48', 'Delivered'),
        (29, '2024-09-23 00:55:48', 'Delivered'),
        (30, '2024-09-29 00:55:48', 'Delivered'),
        (31, '2024-09-26 00:55:48', 'Delivered'),
        (33, '2024-09-30 00:55:48', 'Delivered'),
        (34, '2024-09-26 00:55:48', 'Delivered'),
        (35, '2024-10-02 00:55:48', 'Delivered'),
        (36, '2024-10-03 00:55:48', 'Delivered'),
        (38, '2024-09-30 00:55:48', 'Delivered'),
        (39, '2024-10-07 00:55:48', 'Delivered'),
        (40, '2024-10-02 00:55:48', 'Delivered'),
        (41, '2024-10-03 00:55:48', 'Delivered'),
        (42, '2024-10-05 00:55:48', 'Delivered'),
        (44, '2024-10-02 00:55:48', 'Delivered'),
        (45, '2024-10-08 00:55:48', 'Delivered'),
        (46, '2024-10-09 00:55:48', 'Delivered'),
        (47, '2024-10-11 00:55:48', 'Delivered'),
        (48, '2024-10-08 00:55:48', 'Delivered'),
        (49, '2024-10-10 00:55:48', 'Delivered'),
        (50, '2024-10-04 00:55:49', 'Delivered'),
        (51, '2024-10-07 00:55:49', 'Delivered'),
        (52, '2024-10-13 00:55:49', 'Delivered'),
        (53, '2024-10-09 00:55:49', 'Delivered'),
        (54, '2024-10-11 00:55:49', 'Delivered'),
        (55, '2024-10-12 00:55:49', 'Delivered'),
        (56, '2024-10-13 00:55:49', 'Delivered'),
        (57, '2024-10-15 00:55:49', 'Delivered'),
        (58, '2024-10-08 00:55:49', 'Delivered'),
        (59, '2024-10-12 00:55:49', 'Delivered'),
        (1, '2024-09-01 00:55:47', 'InShipment'),
        (2, '2024-09-02 00:55:47', 'InShipment'),
        (3, '2024-09-03 00:55:47', 'InShipment'),
        (4, '2024-09-03 00:55:47', 'InShipment'),
        (5, '2024-09-03 00:55:47', 'InShipment'),
        (6, '2024-09-04 00:55:47', 'InShipment'),
        (7, '2024-09-05 00:55:47', 'InShipment'),
        (9, '2024-09-07 00:55:47', 'InShipment'),
        (10, '2024-09-07 00:55:47', 'InShipment'),
        (11, '2024-09-08 00:55:47', 'InShipment'),
        (13, '2024-09-09 00:55:47', 'InShipment'),
        (14, '2024-09-09 00:55:47', 'InShipment'),
        (15, '2024-09-10 00:55:47', 'InShipment'),
        (16, '2024-09-10 00:55:47', 'InShipment'),
        (17, '2024-09-10 00:55:47', 'InShipment'),
        (18, '2024-09-11 00:55:48', 'InShipment'),
        (19, '2024-09-12 00:55:48', 'InShipment'),
        (20, '2024-09-12 00:55:48', 'InShipment'),
        (21, '2024-09-13 00:55:48', 'InShipment'),
        (22, '2024-09-13 00:55:48', 'InShipment'),
        (23, '2024-09-13 00:55:48', 'InShipment'),
        (24, '2024-09-14 00:55:48', 'InShipment'),
        (25, '2024-09-15 00:55:48', 'InShipment'),
        (26, '2024-09-15 00:55:48', 'InShipment'),
        (27, '2024-09-16 00:55:48', 'InShipment'),
        (28, '2024-09-16 00:55:48', 'InShipment'),
        (29, '2024-09-16 00:55:48', 'InShipment'),
        (30, '2024-09-17 00:55:48', 'InShipment'),
        (31, '2024-09-17 00:55:48', 'InShipment'),
        (32, '2024-09-18 00:55:48', 'InShipment'),
        (33, '2024-09-19 00:55:48', 'InShipment'),
        (34, '2024-09-19 00:55:48', 'InShipment'),
        (35, '2024-09-20 00:55:48', 'InShipment'),
        (36, '2024-09-20 00:55:48', 'InShipment'),
        (37, '2024-09-21 00:55:48', 'InShipment'),
        (38, '2024-09-22 00:55:48', 'InShipment'),
        (39, '2024-09-23 00:55:48', 'InShipment'),
        (40, '2024-09-23 00:55:48', 'InShipment'),
        (41, '2024-09-23 00:55:48', 'InShipment'),
        (42, '2024-09-24 00:55:48', 'InShipment'),
        (43, '2024-09-24 00:55:48', 'InShipment'),
        (44, '2024-09-25 00:55:48', 'InShipment'),
        (45, '2024-09-25 00:55:48', 'InShipment'),
        (46, '2024-09-26 00:55:48', 'InShipment'),
        (47, '2024-09-26 00:55:48', 'InShipment'),
        (48, '2024-09-26 00:55:48', 'InShipment'),
        (49, '2024-09-27 00:55:48', 'InShipment'),
        (50, '2024-09-27 00:55:49', 'InShipment'),
        (51, '2024-09-28 00:55:49', 'InShipment'),
        (52, '2024-09-28 00:55:49', 'InShipment'),
        (53, '2024-09-29 00:55:49', 'InShipment'),
        (54, '2024-09-29 00:55:49', 'InShipment'),
        (55, '2024-09-29 00:55:49', 'InShipment'),
        (56, '2024-09-30 00:55:49', 'InShipment'),
        (57, '2024-09-30 00:55:49', 'InShipment'),
        (58, '2024-09-30 00:55:49', 'InShipment'),
        (59, '2024-10-01 00:55:49', 'InShipment'),
        (68, '2024-10-16 01:39:37', 'InShipment'),
        (1, '2024-08-31 00:55:47', 'InStore'),
        (2, '2024-09-01 00:55:47', 'InStore'),
        (3, '2024-09-02 00:55:47', 'InStore'),
        (4, '2024-09-02 00:55:47', 'InStore'),
        (5, '2024-09-02 00:55:47', 'InStore'),
        (6, '2024-09-03 00:55:47', 'InStore'),
        (7, '2024-09-04 00:55:47', 'InStore'),
        (9, '2024-09-06 00:55:47', 'InStore'),
        (10, '2024-09-06 00:55:47', 'InStore'),
        (11, '2024-09-07 00:55:47', 'InStore'),
        (13, '2024-09-08 00:55:47', 'InStore'),
        (14, '2024-09-08 00:55:47', 'InStore'),
        (15, '2024-09-09 00:55:47', 'InStore'),
        (16, '2024-09-09 00:55:47', 'InStore'),
        (17, '2024-09-09 00:55:47', 'InStore'),
        (18, '2024-09-10 00:55:48', 'InStore'),
        (19, '2024-09-11 00:55:48', 'InStore'),
        (20, '2024-09-11 00:55:48', 'InStore'),
        (21, '2024-09-12 00:55:48', 'InStore'),
        (22, '2024-09-12 00:55:48', 'InStore'),
        (23, '2024-09-12 00:55:48', 'InStore'),
        (24, '2024-09-13 00:55:48', 'InStore'),
        (25, '2024-09-14 00:55:48', 'InStore'),
        (26, '2024-09-14 00:55:48', 'InStore'),
        (27, '2024-09-15 00:55:48', 'InStore'),
        (28, '2024-09-15 00:55:48', 'InStore'),
        (29, '2024-09-15 00:55:48', 'InStore'),
        (30, '2024-09-16 00:55:48', 'InStore'),
        (31, '2024-09-16 00:55:48', 'InStore'),
        (32, '2024-09-17 00:55:48', 'InStore'),
        (33, '2024-09-18 00:55:48', 'InStore'),
        (34, '2024-09-18 00:55:48', 'InStore'),
        (35, '2024-09-19 00:55:48', 'InStore'),
        (36, '2024-09-19 00:55:48', 'InStore'),
        (37, '2024-09-20 00:55:48', 'InStore'),
        (38, '2024-09-21 00:55:48', 'InStore'),
        (39, '2024-09-22 00:55:48', 'InStore'),
        (40, '2024-09-22 00:55:48', 'InStore'),
        (41, '2024-09-22 00:55:48', 'InStore'),
        (42, '2024-09-23 00:55:48', 'InStore'),
        (43, '2024-09-23 00:55:48', 'InStore'),
        (44, '2024-09-24 00:55:48', 'InStore'),
        (45, '2024-09-24 00:55:48', 'InStore'),
        (46, '2024-09-25 00:55:48', 'InStore'),
        (47, '2024-09-25 00:55:48', 'InStore'),
        (48, '2024-09-25 00:55:48', 'InStore'),
        (49, '2024-09-26 00:55:48', 'InStore'),
        (50, '2024-09-26 00:55:48', 'InStore'),
        (51, '2024-09-27 00:55:49', 'InStore'),
        (52, '2024-09-27 00:55:49', 'InStore'),
        (53, '2024-09-28 00:55:49', 'InStore'),
        (54, '2024-09-28 00:55:49', 'InStore'),
        (55, '2024-09-28 00:55:49', 'InStore'),
        (56, '2024-09-29 00:55:49', 'InStore'),
        (57, '2024-09-29 00:55:49', 'InStore'),
        (58, '2024-09-29 00:55:49', 'InStore'),
        (59, '2024-09-30 00:55:49', 'InStore'),
        (63, '2024-10-16 01:35:38', 'InStore'),
        (68, '2024-10-16 01:34:44', 'InStore'),
        (1, '2024-08-30 00:55:47', 'InTrain'),
        (2, '2024-08-31 00:55:47', 'InTrain'),
        (3, '2024-09-01 00:55:47', 'InTrain'),
        (4, '2024-09-01 00:55:47', 'InTrain'),
        (5, '2024-09-01 00:55:47', 'InTrain'),
        (6, '2024-09-02 00:55:47', 'InTrain'),
        (7, '2024-09-03 00:55:47', 'InTrain'),
        (9, '2024-09-05 00:55:47', 'InTrain'),
        (10, '2024-09-05 00:55:47', 'InTrain'),
        (11, '2024-09-06 00:55:47', 'InTrain'),
        (13, '2024-09-07 00:55:47', 'InTrain'),
        (14, '2024-09-07 00:55:47', 'InTrain'),
        (15, '2024-09-08 00:55:47', 'InTrain'),
        (16, '2024-09-08 00:55:47', 'InTrain'),
        (17, '2024-09-08 00:55:47', 'InTrain'),
        (18, '2024-09-09 00:55:48', 'InTrain'),
        (19, '2024-09-10 00:55:48', 'InTrain'),
        (20, '2024-09-10 00:55:48', 'InTrain'),
        (21, '2024-09-11 00:55:48', 'InTrain'),
        (22, '2024-09-11 00:55:48', 'InTrain'),
        (23, '2024-09-11 00:55:48', 'InTrain'),
        (24, '2024-09-12 00:55:48', 'InTrain'),
        (25, '2024-09-13 00:55:48', 'InTrain'),
        (26, '2024-09-13 00:55:48', 'InTrain'),
        (27, '2024-09-14 00:55:48', 'InTrain'),
        (28, '2024-09-14 00:55:48', 'InTrain'),
        (29, '2024-09-14 00:55:48', 'InTrain'),
        (30, '2024-09-15 00:55:48', 'InTrain'),
        (31, '2024-09-15 00:55:48', 'InTrain'),
        (32, '2024-09-16 00:55:48', 'InTrain'),
        (33, '2024-09-17 00:55:48', 'InTrain'),
        (34, '2024-09-17 00:55:48', 'InTrain'),
        (35, '2024-09-18 00:55:48', 'InTrain'),
        (36, '2024-09-18 00:55:48', 'InTrain'),
        (37, '2024-09-19 00:55:48', 'InTrain'),
        (38, '2024-09-20 00:55:48', 'InTrain'),
        (39, '2024-09-21 00:55:48', 'InTrain'),
        (40, '2024-09-21 00:55:48', 'InTrain'),
        (41, '2024-09-21 00:55:48', 'InTrain'),
        (42, '2024-09-22 00:55:48', 'InTrain'),
        (43, '2024-09-22 00:55:48', 'InTrain'),
        (44, '2024-09-23 00:55:48', 'InTrain'),
        (45, '2024-09-23 00:55:48', 'InTrain'),
        (46, '2024-09-24 00:55:48', 'InTrain'),
        (47, '2024-09-24 00:55:48', 'InTrain'),
        (48, '2024-09-24 00:55:48', 'InTrain'),
        (49, '2024-09-25 00:55:48', 'InTrain'),
        (50, '2024-09-25 00:55:48', 'InTrain'),
        (51, '2024-09-26 00:55:49', 'InTrain'),
        (52, '2024-09-26 00:55:49', 'InTrain'),
        (53, '2024-09-27 00:55:49', 'InTrain'),
        (54, '2024-09-27 00:55:49', 'InTrain'),
        (55, '2024-09-27 00:55:49', 'InTrain'),
        (56, '2024-09-28 00:55:49', 'InTrain'),
        (57, '2024-09-28 00:55:49', 'InTrain'),
        (58, '2024-09-28 00:55:49', 'InTrain'),
        (59, '2024-09-29 00:55:49', 'InTrain'),
        (63, '2024-10-16 01:32:37', 'InTrain'),
        (68, '2024-10-16 01:32:46', 'InTrain'),
        (1, '2024-09-02 00:55:47', 'InTruck'),
        (2, '2024-09-03 00:55:47', 'InTruck'),
        (3, '2024-09-04 00:55:47', 'InTruck'),
        (4, '2024-09-04 00:55:47', 'InTruck'),
        (5, '2024-09-04 00:55:47', 'InTruck'),
        (6, '2024-09-05 00:55:47', 'InTruck'),
        (7, '2024-09-06 00:55:47', 'InTruck'),
        (9, '2024-09-08 00:55:47', 'InTruck'),
        (10, '2024-09-08 00:55:47', 'InTruck'),
        (11, '2024-09-09 00:55:47', 'InTruck'),
        (13, '2024-09-10 00:55:47', 'InTruck'),
        (14, '2024-09-10 00:55:47', 'InTruck'),
        (15, '2024-09-11 00:55:47', 'InTruck'),
        (16, '2024-09-11 00:55:47', 'InTruck'),
        (17, '2024-09-11 00:55:47', 'InTruck'),
        (18, '2024-09-12 00:55:48', 'InTruck'),
        (19, '2024-09-13 00:55:48', 'InTruck'),
        (20, '2024-09-13 00:55:48', 'InTruck'),
        (21, '2024-09-14 00:55:48', 'InTruck'),
        (22, '2024-09-14 00:55:48', 'InTruck'),
        (23, '2024-09-14 00:55:48', 'InTruck'),
        (24, '2024-09-15 00:55:48', 'InTruck'),
        (25, '2024-09-16 00:55:48', 'InTruck'),
        (26, '2024-09-16 00:55:48', 'InTruck'),
        (27, '2024-09-17 00:55:48', 'InTruck'),
        (28, '2024-09-17 00:55:48', 'InTruck'),
        (29, '2024-09-17 00:55:48', 'InTruck'),
        (30, '2024-09-18 00:55:48', 'InTruck'),
        (31, '2024-09-18 00:55:48', 'InTruck'),
        (32, '2024-09-19 00:55:48', 'InTruck'),
        (33, '2024-09-20 00:55:48', 'InTruck'),
        (34, '2024-09-20 00:55:48', 'InTruck'),
        (35, '2024-09-21 00:55:48', 'InTruck'),
        (36, '2024-09-21 00:55:48', 'InTruck'),
        (37, '2024-09-22 00:55:48', 'InTruck'),
        (38, '2024-09-23 00:55:48', 'InTruck'),
        (39, '2024-09-24 00:55:48', 'InTruck'),
        (40, '2024-09-24 00:55:48', 'InTruck'),
        (41, '2024-09-24 00:55:48', 'InTruck'),
        (42, '2024-09-25 00:55:48', 'InTruck'),
        (43, '2024-09-25 00:55:48', 'InTruck'),
        (44, '2024-09-26 00:55:48', 'InTruck'),
        (45, '2024-09-26 00:55:48', 'InTruck'),
        (46, '2024-09-27 00:55:48', 'InTruck'),
        (47, '2024-09-27 00:55:48', 'InTruck'),
        (48, '2024-09-27 00:55:48', 'InTruck'),
        (49, '2024-09-28 00:55:48', 'InTruck'),
        (50, '2024-09-28 00:55:49', 'InTruck'),
        (51, '2024-09-29 00:55:49', 'InTruck'),
        (52, '2024-09-29 00:55:49', 'InTruck'),
        (53, '2024-09-30 00:55:49', 'InTruck'),
        (54, '2024-09-30 00:55:49', 'InTruck'),
        (55, '2024-09-30 00:55:49', 'InTruck'),
        (56, '2024-10-01 00:55:49', 'InTruck'),
        (57, '2024-10-01 00:55:49', 'InTruck'),
        (58, '2024-10-01 00:55:49', 'InTruck'),
        (59, '2024-10-02 00:55:49', 'InTruck'),
        (1, '2024-08-27 00:55:47', 'Pending'),
        (2, '2024-08-28 00:55:47', 'Pending'),
        (3, '2024-08-29 00:55:47', 'Pending'),
        (4, '2024-08-29 00:55:47', 'Pending'),
        (5, '2024-08-29 00:55:47', 'Pending'),
        (6, '2024-08-30 00:55:47', 'Pending'),
        (7, '2024-08-31 00:55:47', 'Pending'),
        (9, '2024-09-02 00:55:47', 'Pending'),
        (10, '2024-09-02 00:55:47', 'Pending'),
        (11, '2024-09-03 00:55:47', 'Pending'),
        (13, '2024-09-04 00:55:47', 'Pending'),
        (14, '2024-09-04 00:55:47', 'Pending'),
        (15, '2024-09-05 00:55:47', 'Pending'),
        (16, '2024-09-05 00:55:47', 'Pending'),
        (17, '2024-09-05 00:55:47', 'Pending'),
        (18, '2024-09-06 00:55:48', 'Pending'),
        (19, '2024-09-07 00:55:48', 'Pending'),
        (20, '2024-09-07 00:55:48', 'Pending'),
        (21, '2024-09-08 00:55:48', 'Pending'),
        (22, '2024-09-08 00:55:48', 'Pending'),
        (23, '2024-09-08 00:55:48', 'Pending'),
        (24, '2024-09-09 00:55:48', 'Pending'),
        (25, '2024-09-10 00:55:48', 'Pending'),
        (26, '2024-09-10 00:55:48', 'Pending'),
        (27, '2024-09-11 00:55:48', 'Pending'),
        (28, '2024-09-11 00:55:48', 'Pending'),
        (29, '2024-09-11 00:55:48', 'Pending'),
        (30, '2024-09-12 00:55:48', 'Pending'),
        (31, '2024-09-12 00:55:48', 'Pending'),
        (32, '2024-09-13 00:55:48', 'Pending'),
        (33, '2024-09-14 00:55:48', 'Pending'),
        (34, '2024-09-14 00:55:48', 'Pending'),
        (35, '2024-09-15 00:55:48', 'Pending'),
        (36, '2024-09-15 00:55:48', 'Pending'),
        (37, '2024-09-16 00:55:48', 'Pending'),
        (38, '2024-09-17 00:55:48', 'Pending'),
        (39, '2024-09-18 00:55:48', 'Pending'),
        (40, '2024-09-18 00:55:48', 'Pending'),
        (41, '2024-09-18 00:55:48', 'Pending'),
        (42, '2024-09-19 00:55:48', 'Pending'),
        (43, '2024-09-19 00:55:48', 'Pending'),
        (44, '2024-09-20 00:55:48', 'Pending'),
        (45, '2024-09-20 00:55:48', 'Pending'),
        (46, '2024-09-21 00:55:48', 'Pending'),
        (47, '2024-09-21 00:55:48', 'Pending'),
        (48, '2024-09-21 00:55:48', 'Pending'),
        (49, '2024-09-22 00:55:48', 'Pending'),
        (50, '2024-09-22 00:55:48', 'Pending'),
        (51, '2024-09-23 00:55:49', 'Pending'),
        (52, '2024-09-23 00:55:49', 'Pending'),
        (53, '2024-09-24 00:55:49', 'Pending'),
        (54, '2024-09-24 00:55:49', 'Pending'),
        (55, '2024-09-24 00:55:49', 'Pending'),
        (56, '2024-09-25 00:55:49', 'Pending'),
        (57, '2024-09-25 00:55:49', 'Pending'),
        (58, '2024-09-25 00:55:49', 'Pending'),
        (59, '2024-09-26 00:55:49', 'Pending'),
        (62, '2024-10-16 01:00:00', 'Pending'),
        (63, '2024-10-16 01:04:00', 'Pending'),
        (64, '2024-10-16 01:05:00', 'Pending'),
        (65, '2024-10-16 01:07:00', 'Pending'),
        (66, '2024-10-16 01:08:00', 'Pending'),
        (67, '2024-10-16 01:09:00', 'Pending'),
        (68, '2024-10-16 01:10:00', 'Pending'),
        (69, '2024-10-16 01:11:00', 'Pending'),
        (70, '2024-10-16 01:12:00', 'Pending'),
        (71, '2024-10-16 01:13:00', 'Pending'),
        (1, '2024-08-28 00:55:47', 'PendingDispatch'),
        (2, '2024-08-29 00:55:47', 'PendingDispatch'),
        (3, '2024-08-30 00:55:47', 'PendingDispatch'),
        (4, '2024-08-30 00:55:47', 'PendingDispatch'),
        (5, '2024-08-30 00:55:47', 'PendingDispatch'),
        (6, '2024-08-31 00:55:47', 'PendingDispatch'),
        (7, '2024-09-01 00:55:47', 'PendingDispatch'),
        (9, '2024-09-03 00:55:47', 'PendingDispatch'),
        (10, '2024-09-03 00:55:47', 'PendingDispatch'),
        (11, '2024-09-04 00:55:47', 'PendingDispatch'),
        (13, '2024-09-05 00:55:47', 'PendingDispatch'),
        (14, '2024-09-05 00:55:47', 'PendingDispatch'),
        (15, '2024-09-06 00:55:47', 'PendingDispatch'),
        (16, '2024-09-06 00:55:47', 'PendingDispatch'),
        (17, '2024-09-06 00:55:47', 'PendingDispatch'),
        (18, '2024-09-07 00:55:48', 'PendingDispatch'),
        (19, '2024-09-08 00:55:48', 'PendingDispatch'),
        (20, '2024-09-08 00:55:48', 'PendingDispatch'),
        (21, '2024-09-09 00:55:48', 'PendingDispatch'),
        (22, '2024-09-09 00:55:48', 'PendingDispatch'),
        (23, '2024-09-09 00:55:48', 'PendingDispatch'),
        (24, '2024-09-10 00:55:48', 'PendingDispatch'),
        (25, '2024-09-11 00:55:48', 'PendingDispatch'),
        (26, '2024-09-11 00:55:48', 'PendingDispatch'),
        (27, '2024-09-12 00:55:48', 'PendingDispatch'),
        (28, '2024-09-12 00:55:48', 'PendingDispatch'),
        (29, '2024-09-12 00:55:48', 'PendingDispatch'),
        (30, '2024-09-13 00:55:48', 'PendingDispatch'),
        (31, '2024-09-13 00:55:48', 'PendingDispatch'),
        (32, '2024-09-14 00:55:48', 'PendingDispatch'),
        (33, '2024-09-15 00:55:48', 'PendingDispatch'),
        (34, '2024-09-15 00:55:48', 'PendingDispatch'),
        (35, '2024-09-16 00:55:48', 'PendingDispatch'),
        (36, '2024-09-16 00:55:48', 'PendingDispatch'),
        (37, '2024-09-17 00:55:48', 'PendingDispatch'),
        (38, '2024-09-18 00:55:48', 'PendingDispatch'),
        (39, '2024-09-19 00:55:48', 'PendingDispatch'),
        (40, '2024-09-19 00:55:48', 'PendingDispatch'),
        (41, '2024-09-19 00:55:48', 'PendingDispatch'),
        (42, '2024-09-20 00:55:48', 'PendingDispatch'),
        (43, '2024-09-20 00:55:48', 'PendingDispatch'),
        (44, '2024-09-21 00:55:48', 'PendingDispatch'),
        (45, '2024-09-21 00:55:48', 'PendingDispatch'),
        (46, '2024-09-22 00:55:48', 'PendingDispatch'),
        (47, '2024-09-22 00:55:48', 'PendingDispatch'),
        (48, '2024-09-22 00:55:48', 'PendingDispatch'),
        (49, '2024-09-23 00:55:48', 'PendingDispatch'),
        (50, '2024-09-23 00:55:48', 'PendingDispatch'),
        (51, '2024-09-24 00:55:49', 'PendingDispatch'),
        (52, '2024-09-24 00:55:49', 'PendingDispatch'),
        (53, '2024-09-25 00:55:49', 'PendingDispatch'),
        (54, '2024-09-25 00:55:49', 'PendingDispatch'),
        (55, '2024-09-25 00:55:49', 'PendingDispatch'),
        (56, '2024-09-26 00:55:49', 'PendingDispatch'),
        (57, '2024-09-26 00:55:49', 'PendingDispatch'),
        (58, '2024-09-26 00:55:49', 'PendingDispatch'),
        (59, '2024-09-27 00:55:49', 'PendingDispatch'),
        (63, '2024-10-16 01:31:25', 'PendingDispatch'),
        (64, '2024-10-16 01:31:25', 'PendingDispatch'),
        (67, '2024-10-16 01:31:25', 'PendingDispatch'),
        (68, '2024-10-16 01:31:25', 'PendingDispatch'),
        (69, '2024-10-16 01:31:25', 'PendingDispatch'),
        (71, '2024-10-16 01:31:25', 'PendingDispatch'),
        (1, '2024-08-29 00:55:47', 'TrainAssigned'),
        (2, '2024-08-30 00:55:47', 'TrainAssigned'),
        (3, '2024-08-31 00:55:47', 'TrainAssigned'),
        (4, '2024-08-31 00:55:47', 'TrainAssigned'),
        (5, '2024-08-31 00:55:47', 'TrainAssigned'),
        (6, '2024-09-01 00:55:47', 'TrainAssigned'),
        (7, '2024-09-02 00:55:47', 'TrainAssigned'),
        (9, '2024-09-04 00:55:47', 'TrainAssigned'),
        (10, '2024-09-04 00:55:47', 'TrainAssigned'),
        (11, '2024-09-05 00:55:47', 'TrainAssigned'),
        (13, '2024-09-06 00:55:47', 'TrainAssigned'),
        (14, '2024-09-06 00:55:47', 'TrainAssigned'),
        (15, '2024-09-07 00:55:47', 'TrainAssigned'),
        (16, '2024-09-07 00:55:47', 'TrainAssigned'),
        (17, '2024-09-07 00:55:47', 'TrainAssigned'),
        (18, '2024-09-08 00:55:48', 'TrainAssigned'),
        (19, '2024-09-09 00:55:48', 'TrainAssigned'),
        (20, '2024-09-09 00:55:48', 'TrainAssigned'),
        (21, '2024-09-10 00:55:48', 'TrainAssigned'),
        (22, '2024-09-10 00:55:48', 'TrainAssigned'),
        (23, '2024-09-10 00:55:48', 'TrainAssigned'),
        (24, '2024-09-11 00:55:48', 'TrainAssigned'),
        (25, '2024-09-12 00:55:48', 'TrainAssigned'),
        (26, '2024-09-12 00:55:48', 'TrainAssigned'),
        (27, '2024-09-13 00:55:48', 'TrainAssigned'),
        (28, '2024-09-13 00:55:48', 'TrainAssigned'),
        (29, '2024-09-13 00:55:48', 'TrainAssigned'),
        (30, '2024-09-14 00:55:48', 'TrainAssigned'),
        (31, '2024-09-14 00:55:48', 'TrainAssigned'),
        (32, '2024-09-15 00:55:48', 'TrainAssigned'),
        (33, '2024-09-16 00:55:48', 'TrainAssigned'),
        (34, '2024-09-16 00:55:48', 'TrainAssigned'),
        (35, '2024-09-17 00:55:48', 'TrainAssigned'),
        (36, '2024-09-17 00:55:48', 'TrainAssigned'),
        (37, '2024-09-18 00:55:48', 'TrainAssigned'),
        (38, '2024-09-19 00:55:48', 'TrainAssigned'),
        (39, '2024-09-20 00:55:48', 'TrainAssigned'),
        (40, '2024-09-20 00:55:48', 'TrainAssigned'),
        (41, '2024-09-20 00:55:48', 'TrainAssigned'),
        (42, '2024-09-21 00:55:48', 'TrainAssigned'),
        (43, '2024-09-21 00:55:48', 'TrainAssigned'),
        (44, '2024-09-22 00:55:48', 'TrainAssigned'),
        (45, '2024-09-22 00:55:48', 'TrainAssigned'),
        (46, '2024-09-23 00:55:48', 'TrainAssigned'),
        (47, '2024-09-23 00:55:48', 'TrainAssigned'),
        (48, '2024-09-23 00:55:48', 'TrainAssigned'),
        (49, '2024-09-24 00:55:48', 'TrainAssigned'),
        (50, '2024-09-24 00:55:48', 'TrainAssigned'),
        (51, '2024-09-25 00:55:49', 'TrainAssigned'),
        (52, '2024-09-25 00:55:49', 'TrainAssigned'),
        (53, '2024-09-26 00:55:49', 'TrainAssigned'),
        (54, '2024-09-26 00:55:49', 'TrainAssigned'),
        (55, '2024-09-26 00:55:49', 'TrainAssigned'),
        (56, '2024-09-27 00:55:49', 'TrainAssigned'),
        (57, '2024-09-27 00:55:49', 'TrainAssigned'),
        (58, '2024-09-27 00:55:49', 'TrainAssigned'),
        (59, '2024-09-28 00:55:49', 'TrainAssigned');


insert into scms.contains (OrderID, ProductID, Amount)
values  (1, 162, 4),
        (1, 191, 4),
        (1, 280, 2),
        (2, 30, 2),
        (2, 41, 4),
        (2, 143, 4),
        (2, 154, 5),
        (2, 245, 4),
        (2, 290, 4),
        (2, 348, 1),
        (2, 374, 3),
        (2, 383, 4),
        (3, 20, 3),
        (3, 202, 2),
        (3, 344, 5),
        (4, 4, 4),
        (4, 127, 1),
        (4, 249, 2),
        (4, 319, 1),
        (4, 362, 5),
        (4, 376, 1),
        (5, 9, 2),
        (5, 368, 1),
        (5, 370, 5),
        (5, 405, 5),
        (5, 410, 3),
        (6, 163, 5),
        (6, 167, 1),
        (6, 220, 1),
        (6, 273, 2),
        (6, 355, 4),
        (6, 414, 5),
        (7, 32, 4),
        (7, 135, 1),
        (7, 389, 4),
        (8, 131, 3),
        (9, 50, 5),
        (9, 107, 4),
        (9, 147, 4),
        (9, 377, 2),
        (10, 263, 2),
        (10, 327, 5),
        (10, 331, 1),
        (11, 93, 5),
        (11, 110, 1),
        (11, 115, 2),
        (11, 227, 2),
        (11, 241, 4),
        (11, 358, 4),
        (12, 28, 1),
        (12, 37, 1),
        (12, 39, 1),
        (12, 104, 4),
        (12, 160, 5),
        (12, 170, 2),
        (12, 280, 1),
        (13, 46, 5),
        (13, 51, 2),
        (13, 237, 1),
        (13, 244, 2),
        (13, 389, 4),
        (14, 408, 3),
        (15, 65, 2),
        (16, 118, 3),
        (16, 320, 3),
        (16, 354, 5),
        (17, 329, 2),
        (17, 351, 5),
        (18, 281, 3),
        (18, 409, 5),
        (19, 4, 5),
        (19, 99, 4),
        (19, 154, 2),
        (20, 38, 1),
        (20, 53, 4),
        (20, 116, 3),
        (20, 397, 1),
        (21, 96, 4),
        (21, 128, 1),
        (21, 267, 1),
        (21, 300, 4),
        (22, 86, 1),
        (22, 107, 5),
        (22, 280, 4),
        (22, 324, 5),
        (22, 345, 5),
        (23, 61, 2),
        (23, 171, 3),
        (23, 197, 3),
        (23, 210, 3),
        (24, 26, 1),
        (24, 106, 5),
        (24, 334, 2),
        (24, 362, 1),
        (25, 101, 1),
        (25, 315, 1),
        (25, 336, 1),
        (26, 84, 5),
        (26, 221, 5),
        (26, 372, 2),
        (27, 87, 3),
        (27, 96, 3),
        (27, 120, 5),
        (27, 146, 1),
        (28, 104, 3),
        (28, 137, 1),
        (28, 165, 3),
        (28, 179, 3),
        (28, 283, 2),
        (29, 84, 4),
        (29, 214, 4),
        (30, 121, 4),
        (30, 285, 3),
        (30, 400, 2),
        (31, 71, 3),
        (31, 142, 5),
        (32, 98, 5),
        (32, 173, 2),
        (32, 207, 2),
        (32, 354, 4),
        (32, 407, 4),
        (33, 16, 1),
        (33, 52, 1),
        (33, 134, 2),
        (33, 239, 5),
        (33, 386, 4),
        (33, 407, 5),
        (34, 326, 1),
        (34, 345, 4),
        (35, 84, 3),
        (35, 201, 3),
        (35, 269, 1),
        (35, 337, 3),
        (35, 388, 1),
        (35, 417, 2),
        (36, 254, 4),
        (36, 280, 5),
        (36, 304, 4),
        (36, 332, 4),
        (36, 402, 3),
        (37, 46, 3),
        (37, 177, 2),
        (37, 208, 1),
        (38, 1, 5),
        (38, 77, 5),
        (38, 122, 5),
        (38, 318, 1),
        (38, 360, 3),
        (39, 23, 5),
        (39, 295, 3),
        (39, 327, 1),
        (39, 331, 2),
        (39, 382, 3),
        (40, 110, 5),
        (40, 126, 4),
        (40, 163, 5),
        (40, 281, 2),
        (41, 88, 5),
        (41, 181, 4),
        (41, 261, 5),
        (41, 378, 5),
        (41, 414, 3),
        (42, 45, 1),
        (42, 167, 5),
        (42, 231, 1),
        (42, 252, 3),
        (42, 285, 3),
        (42, 384, 2),
        (43, 380, 4),
        (44, 5, 2),
        (44, 86, 2),
        (44, 132, 4),
        (44, 145, 1),
        (45, 34, 1),
        (46, 6, 2),
        (46, 45, 5),
        (46, 152, 4),
        (46, 168, 1),
        (46, 175, 3),
        (46, 204, 4),
        (46, 311, 4),
        (47, 380, 5),
        (48, 147, 3),
        (48, 171, 3),
        (48, 283, 4),
        (49, 24, 4),
        (49, 291, 4),
        (49, 383, 1),
        (50, 161, 3),
        (50, 177, 4),
        (50, 193, 1),
        (50, 203, 5),
        (50, 242, 4),
        (50, 351, 2),
        (50, 420, 2),
        (51, 28, 1),
        (51, 289, 3),
        (52, 177, 2),
        (52, 311, 2),
        (52, 404, 3),
        (52, 418, 2),
        (53, 151, 5),
        (53, 171, 5),
        (53, 303, 3),
        (54, 162, 1),
        (54, 166, 4),
        (54, 170, 3),
        (55, 185, 1),
        (55, 234, 4),
        (56, 57, 5),
        (56, 289, 2),
        (56, 375, 2),
        (57, 56, 3),
        (57, 165, 3),
        (57, 252, 2),
        (57, 279, 4),
        (57, 304, 3),
        (57, 405, 5),
        (57, 406, 5),
        (58, 63, 1),
        (58, 106, 4),
        (58, 279, 1),
        (59, 109, 5),
        (59, 300, 3),
        (60, 140, 2),
        (60, 146, 1),
        (60, 306, 5),
        (61, 144, 4),
        (62, 151, 2),
        (62, 192, 1),
        (62, 193, 5),
        (62, 268, 1),
        (62, 377, 5),
        (62, 404, 1),
        (63, 62, 3),
        (63, 152, 2),
        (63, 155, 1),
        (63, 185, 1),
        (64, 166, 4),
        (64, 290, 2),
        (64, 322, 1),
        (64, 339, 1),
        (64, 363, 4),
        (64, 373, 4),
        (64, 390, 5),
        (65, 190, 5),
        (65, 195, 4),
        (65, 271, 5),
        (65, 355, 1),
        (66, 169, 1),
        (66, 274, 1),
        (67, 25, 2),
        (67, 132, 4),
        (67, 146, 1),
        (67, 376, 1),
        (67, 388, 2),
        (68, 82, 3),
        (68, 143, 2),
        (69, 120, 1),
        (70, 22, 2),
        (70, 317, 5),
        (70, 344, 3),
        (71, 303, 1),
        (71, 366, 1);


insert into scms.trainschedule (TrainScheduleID, FilledCapacity, TrainID, ScheduleDateTime, Status)
values  (1, 0.00, 1, '2024-10-20 22:22:21', 'Not Completed'),
        (2, 0.00, 2, '2024-10-17 12:55:56', 'Not Completed'),
        (3, 0.00, 3, '2024-10-22 10:20:55', 'Not Completed'),
        (4, 0.00, 4, '2024-10-16 13:33:41', 'In Progress'),
        (5, 0.00, 4, '2024-10-23 13:33:41', 'Not Completed'),
        (6, 0.00, 5, '2024-10-17 10:59:35', 'Not Completed'),
        (7, 0.00, 6, '2024-10-20 21:27:53', 'Not Completed'),
        (8, 0.00, 7, '2024-10-18 14:58:52', 'Not Completed'),
        (9, 0.00, 8, '2024-10-22 11:46:45', 'Not Completed'),
        (10, 0.00, 9, '2024-10-16 08:35:30', 'In Progress'),
        (11, 0.00, 9, '2024-10-23 08:35:30', 'Not Completed'),
        (12, 0.00, 10, '2024-10-19 11:29:11', 'Not Completed'),
        (13, 0.00, 11, '2024-10-17 11:32:29', 'Not Completed'),
        (14, 0.00, 12, '2024-10-16 04:23:49', 'In Progress'),
        (15, 0.00, 12, '2024-10-23 04:23:49', 'Not Completed'),
        (16, 148.47, 13, '2024-10-17 16:29:03', 'Not Completed'),
        (17, 0.00, 14, '2024-10-22 05:22:00', 'Not Completed'),
        (18, 0.00, 15, '2024-10-20 11:14:41', 'Not Completed'),
        (19, 0.00, 16, '2024-10-21 19:23:01', 'Not Completed'),
        (20, 0.00, 17, '2024-10-19 11:15:55', 'Not Completed'),
        (21, 0.00, 18, '2024-10-17 11:44:21', 'Not Completed'),
        (22, 23.60, 19, '2024-10-16 22:33:17', 'In Progress'),
        (23, 0.00, 19, '2024-10-23 22:33:17', 'Not Completed'),
        (24, 0.00, 20, '2024-10-22 20:03:04', 'Not Completed'),
        (25, 0.00, 21, '2024-10-19 04:23:47', 'Not Completed'),
        (26, 0.00, 22, '2024-10-17 21:17:16', 'Not Completed'),
        (27, 0.00, 23, '2024-10-20 13:11:43', 'Not Completed'),
        (28, 0.00, 24, '2024-10-18 17:54:09', 'Not Completed'),
        (29, 0.00, 25, '2024-10-20 06:33:37', 'Not Completed'),
        (30, 0.00, 26, '2024-10-17 02:18:46', 'Not Completed'),
        (31, 0.00, 27, '2024-10-22 13:30:32', 'Not Completed'),
        (32, 0.00, 28, '2024-10-19 12:21:40', 'Not Completed'),
        (33, 0.00, 29, '2024-10-17 20:39:28', 'Not Completed'),
        (34, 0.00, 30, '2024-10-20 23:24:32', 'Not Completed'),
        (35, 0.00, 31, '2024-10-21 13:15:10', 'Not Completed'),
        (36, 0.00, 32, '2024-10-21 02:17:09', 'Not Completed'),
        (37, 0.00, 33, '2024-10-20 20:09:59', 'Not Completed'),
        (38, 53.69, 34, '2024-10-17 22:10:34', 'Not Completed'),
        (39, 0.00, 35, '2024-10-19 07:27:44', 'Not Completed'),
        (40, 0.00, 36, '2024-10-19 03:24:11', 'Not Completed'),
        (41, 0.00, 37, '2024-10-20 08:55:21', 'Not Completed'),
        (42, 0.00, 38, '2024-10-18 05:02:41', 'Not Completed'),
        (43, 0.00, 39, '2024-10-22 10:09:15', 'Not Completed'),
        (44, 0.00, 40, '2024-10-22 14:44:56', 'Not Completed'),
        (45, 0.00, 41, '2024-10-20 07:09:52', 'Not Completed'),
        (46, 0.00, 42, '2024-10-18 17:11:49', 'Not Completed'),
        (47, 0.00, 43, '2024-10-16 22:16:06', 'In Progress'),
        (48, 0.00, 43, '2024-10-23 22:16:06', 'Not Completed'),
        (49, 0.00, 44, '2024-10-17 23:34:53', 'Not Completed'),
        (50, 0.00, 45, '2024-10-16 10:47:36', 'In Progress'),
        (51, 0.00, 45, '2024-10-23 10:47:36', 'Not Completed'),
        (52, 0.00, 46, '2024-10-17 19:45:27', 'Not Completed'),
        (53, 43.37, 47, '2024-10-16 15:57:46', 'In Progress'),
        (54, 0.00, 47, '2024-10-23 15:57:46', 'Not Completed'),
        (55, 0.00, 48, '2024-10-16 23:18:13', 'In Progress'),
        (56, 0.00, 48, '2024-10-23 23:18:13', 'Not Completed'),
        (57, 0.00, 49, '2024-10-17 00:00:48', 'Not Completed'),
        (58, 0.00, 50, '2024-10-18 16:39:44', 'Not Completed');


insert into scms.train_contains (TrainScheduleID, OrderID)
values  (16, 64),
        (22, 68),
        (38, 67),
        (38, 69),
        (38, 71),
        (53, 63);


insert into scms.shipment (ShipmentID, CreatedDate, Capacity, RouteID, FilledCapacity, Status)
values  (1, '2024-10-16', 250.00, 18, 113.48, 'Completed'),
        (2, '2024-10-16', 250.00, 11, 233.48, 'Completed'),
        (3, '2024-10-16', 250.00, 23, 156.02, 'Completed'),
        (4, '2024-10-16', 250.00, 20, 203.02, 'Completed'),
        (5, '2024-10-16', 250.00, 3, 106.51, 'Completed'),
        (6, '2024-10-16', 250.00, 27, 49.55, 'Completed'),
        (7, '2024-10-16', 250.00, 17, 243.19, 'Completed'),
        (8, '2024-10-16', 250.00, 10, 188.95, 'Completed'),
        (9, '2024-10-16', 250.00, 13, 131.68, 'Completed'),
        (10, '2024-10-16', 250.00, 21, 105.11, 'Completed'),
        (11, '2024-10-16', 250.00, 14, 24.55, 'Completed'),
        (12, '2024-10-16', 250.00, 25, 135.27, 'Completed'),
        (13, '2024-10-16', 250.00, 15, 92.81, 'Completed'),
        (14, '2024-10-16', 250.00, 2, 162.98, 'Completed'),
        (15, '2024-10-16', 250.00, 26, 87.58, 'Completed'),
        (16, '2024-10-16', 250.00, 19, 162.66, 'Completed'),
        (17, '2024-10-16', 250.00, 4, 16.71, 'Completed'),
        (18, '2024-10-16', 250.00, 16, 69.24, 'Completed'),
        (19, '2024-10-16', 250.00, 9, 96.43, 'Completed'),
        (20, '2024-10-16', 250.00, 20, 61.68, 'Completed'),
        (21, '2024-10-16', 250.00, 7, 69.28, 'Completed'),
        (22, '2024-10-16', 250.00, 6, 129.48, 'Completed'),
        (23, '2024-10-16', 250.00, 5, 127.12, 'Completed'),
        (24, '2024-10-16', 250.00, 24, 178.21, 'Completed'),
        (25, '2024-10-16', 250.00, 17, 86.76, 'Completed'),
        (26, '2024-10-16', 250.00, 1, 30.94, 'Completed'),
        (27, '2024-10-16', 250.00, 22, 61.51, 'Completed'),
        (28, '2024-10-16', 250.00, 19, 148.41, 'Completed'),
        (29, '2024-10-16', 250.00, 19, 23.60, 'Ready');


insert into scms.shipment_contains (ShipmentID, OrderID)
values  (1, 1),
        (1, 3),
        (2, 2),
        (2, 55),
        (3, 4),
        (3, 24),
        (3, 46),
        (4, 5),
        (4, 14),
        (4, 30),
        (5, 6),
        (6, 7),
        (6, 8),
        (7, 9),
        (7, 11),
        (7, 12),
        (7, 26),
        (8, 10),
        (8, 15),
        (8, 28),
        (8, 41),
        (9, 13),
        (9, 36),
        (10, 16),
        (10, 29),
        (10, 43),
        (10, 45),
        (11, 17),
        (12, 18),
        (12, 32),
        (12, 59),
        (13, 19),
        (13, 54),
        (14, 20),
        (14, 23),
        (14, 48),
        (15, 21),
        (15, 37),
        (15, 56),
        (16, 22),
        (16, 38),
        (17, 25),
        (18, 27),
        (19, 31),
        (19, 35),
        (20, 33),
        (21, 34),
        (21, 44),
        (22, 39),
        (22, 47),
        (23, 40),
        (23, 58),
        (24, 42),
        (24, 50),
        (25, 49),
        (25, 53),
        (26, 51),
        (27, 52),
        (28, 57),
        (29, 68);


insert into scms.truckschedule (TruckScheduleID, StoreID, ShipmentID, ScheduleDateTime, RouteID, AssistantID, DriverID, TruckID, Hours, Status)
values  (1, 5, 1, '2024-10-16 00:00:00', 18, 32, 31, 84, '06:40:44', 'Completed'),
        (2, 3, 2, '2024-10-16 00:00:00', 11, 27, 32, 1, '05:49:16', 'Completed'),
        (3, 6, 3, '2024-10-16 00:00:00', 23, 65, 70, 18, '02:25:52', 'Completed'),
        (4, 5, 4, '2024-10-16 00:00:00', 20, 31, 14, 14, '07:57:59', 'Completed'),
        (5, 2, 5, '2024-10-16 00:00:00', 3, 63, 62, 58, '08:06:25', 'Completed'),
        (6, 7, 6, '2024-10-16 00:00:00', 27, 76, 23, 31, '02:53:33', 'Completed'),
        (7, 4, 7, '2024-10-16 00:00:00', 17, 77, 49, 80, '08:52:29', 'Completed'),
        (8, 3, 8, '2024-10-16 00:00:00', 10, 3, 49, 76, '05:55:30', 'Completed'),
        (9, 4, 9, '2024-10-16 00:00:00', 13, 100, 10, 96, '06:39:00', 'Completed'),
        (10, 5, 10, '2024-10-16 00:00:00', 21, 2, 43, 86, '10:28:31', 'Completed'),
        (11, 4, 11, '2024-10-16 00:00:00', 14, 33, 16, 84, '09:36:08', 'Completed'),
        (12, 6, 12, '2024-10-16 00:00:00', 25, 78, 44, 18, '04:16:07', 'Completed'),
        (13, 4, 13, '2024-10-16 00:00:00', 15, 19, 61, 50, '08:37:03', 'Completed'),
        (14, 1, 14, '2024-10-16 00:00:00', 2, 107, 60, 77, '10:29:38', 'Completed'),
        (15, 7, 15, '2024-10-16 00:00:00', 26, 100, 46, 61, '08:38:58', 'Completed'),
        (16, 5, 16, '2024-10-16 00:00:00', 19, 88, 33, 67, '06:53:53', 'Completed'),
        (17, 2, 17, '2024-10-16 00:00:00', 4, 47, 50, 50, '06:00:21', 'Completed'),
        (18, 4, 18, '2024-10-16 00:00:00', 16, 31, 34, 27, '09:54:45', 'Completed'),
        (19, 3, 19, '2024-10-16 00:00:00', 9, 6, 59, 27, '07:04:41', 'Completed'),
        (20, 5, 20, '2024-10-16 00:00:00', 20, 109, 63, 98, '07:57:59', 'Completed'),
        (21, 2, 21, '2024-10-16 00:00:00', 7, 44, 41, 75, '05:46:19', 'Completed'),
        (22, 2, 22, '2024-10-16 00:00:00', 6, 26, 64, 21, '02:48:29', 'Completed'),
        (23, 2, 23, '2024-10-16 00:00:00', 5, 85, 12, 43, '06:15:09', 'Completed'),
        (24, 6, 24, '2024-10-16 00:00:00', 24, 17, 19, 32, '03:25:11', 'Completed'),
        (25, 4, 25, '2024-10-16 00:00:00', 17, 27, 70, 88, '08:52:29', 'Completed'),
        (26, 1, 26, '2024-10-16 00:00:00', 1, 33, 53, 12, '04:40:41', 'Completed'),
        (27, 6, 27, '2024-10-16 00:00:00', 22, 27, 33, 69, '07:00:14', 'Completed'),
        (28, 5, 28, '2024-10-16 00:00:00', 19, 18, 38, 88, '06:53:53', 'Completed'),
        (29, 5, 29, '2024-10-17 10:00:00', 19, 1, 1, 1, '07:04:41', 'Not Completed');


